Date,Country,City,Specie,Count,Min,Max,Median,Float
01-01-2019,IN,Kolkata,pm10,96,94,562,159,87780.1
01-01-2019,IN,Kolkata,o3,96,0.3,45.7,2.5,2000.66
01-01-2019,IN,Kolkata,pressure,116,1016,1021,1018,21.31
01-01-2019,IN,Kolkata,co,96,2.2,32.8,8.2,668.59
01-01-2019,IN,Kolkata,temperature,116,10.1,24.1,16,162.17
01-01-2019,IN,Kolkata,so2,96,2,59,7.2,2361.69
01-01-2019,IN,Kolkata,pm25,120,158,436,235,42765.2
01-01-2019,IN,Kolkata,no2,96,4.7,95.7,41.7,5934.25
01-01-2019,IN,Kolkata,wind-speed,96,0,1.5,0.4,2.09
01-01-2019,IN,Kolkata,dew,92,8,11,10,8.56
01-01-2019,IN,Kolkata,humidity,116,33.7,92.9,62.2,2805.44
02-01-2019,IN,Kolkata,pm10,96,86,489,150,61881.6
02-01-2019,IN,Kolkata,o3,96,0.2,47.1,2.6,1999.65
02-01-2019,IN,Kolkata,pressure,120,1015,1021,1018,18.68
02-01-2019,IN,Kolkata,co,95,0.1,30.9,7.8,603.5
02-01-2019,IN,Kolkata,temperature,120,11,26.1,16.7,191.65
02-01-2019,IN,Kolkata,so2,94,1.3,59.9,7.3,2580.05
02-01-2019,IN,Kolkata,pm25,120,160,360,213,22464
02-01-2019,IN,Kolkata,no2,95,7.7,91.3,43.3,5038.25
02-01-2019,IN,Kolkata,wind-speed,96,0,1.2,0.3,1.32
02-01-2019,IN,Kolkata,dew,90,10,12.5,11,5.89
02-01-2019,IN,Kolkata,humidity,120,31,97.6,63,3368.21
03-01-2019,IN,Kolkata,pm10,96,122,629,184,162829
03-01-2019,IN,Kolkata,o3,96,0.2,67.5,2.3,3003.83
03-01-2019,IN,Kolkata,pressure,120,1017,1021,1018,14.61
03-01-2019,IN,Kolkata,co,96,1.8,51.3,11,1287.58
03-01-2019,IN,Kolkata,temperature,120,11.1,25.4,16.1,200.75
03-01-2019,IN,Kolkata,so2,93,1.3,62.5,14,2427.87
03-01-2019,IN,Kolkata,pm25,119,181,418,264,41457.8
03-01-2019,IN,Kolkata,no2,96,5.7,105.8,53.5,8574.75
03-01-2019,IN,Kolkata,wind-speed,96,0,1.4,0.2,1.12
03-01-2019,IN,Kolkata,dew,96,8,11.5,10.5,11.35
03-01-2019,IN,Kolkata,humidity,120,26.5,97.7,65.3,5190.25
04-01-2019,IN,Kolkata,pm10,91,115,773,172,212889
04-01-2019,IN,Kolkata,o3,93,0.1,59.6,4,2770.86
04-01-2019,IN,Kolkata,pressure,120,1017,1021,1018.5,14.32
04-01-2019,IN,Kolkata,co,96,1.4,46.8,8.1,1149.47
04-01-2019,IN,Kolkata,temperature,120,11,24.1,16.4,179.06
04-01-2019,IN,Kolkata,so2,96,1.5,48.7,7.1,1055.64
04-01-2019,IN,Kolkata,pm25,119,174,522,273,90732
04-01-2019,IN,Kolkata,no2,93,0.6,114.1,56,8522.48
04-01-2019,IN,Kolkata,wind-speed,96,0,1.3,0.3,1.3
04-01-2019,IN,Kolkata,dew,90,7.5,11.5,9.5,14.75
04-01-2019,IN,Kolkata,humidity,120,25.8,96.9,57.3,4526.19
05-01-2019,IN,Kolkata,pm10,96,77,462,194,121567
05-01-2019,IN,Kolkata,o3,96,0.1,38.9,2.7,1406.7
05-01-2019,IN,Kolkata,pressure,120,1015,1020,1017,17.31
05-01-2019,IN,Kolkata,co,96,2.2,41.7,9.8,1054.42
05-01-2019,IN,Kolkata,temperature,120,10.1,25.1,16.1,189.43
05-01-2019,IN,Kolkata,so2,96,1.4,59.5,7.7,1553.22
05-01-2019,IN,Kolkata,pm25,120,153,460,271,80693.1
05-01-2019,IN,Kolkata,no2,95,5.5,120.2,43.9,8248.65
05-01-2019,IN,Kolkata,wind-speed,96,0,1.5,0.4,2.08
05-01-2019,IN,Kolkata,dew,84,8.5,12,10,10.48
05-01-2019,IN,Kolkata,humidity,120,28,97.7,63.3,3699.25
06-01-2019,IN,Kolkata,pm10,96,69,443,146,58086.5
06-01-2019,IN,Kolkata,o3,96,0.1,41.4,2.9,1509.84
06-01-2019,IN,Kolkata,pressure,120,1014,1018,1015,12.47
06-01-2019,IN,Kolkata,co,96,2.2,44,6.3,792.02
06-01-2019,IN,Kolkata,temperature,120,11.7,26.1,17.1,203.15
06-01-2019,IN,Kolkata,so2,93,2.1,58.5,6.6,1100.36
06-01-2019,IN,Kolkata,pm25,120,129,378,201,30649.9
06-01-2019,IN,Kolkata,no2,96,7.1,108.9,38.7,7137.29
06-01-2019,IN,Kolkata,wind-speed,96,0,1.8,0.3,1.76
06-01-2019,IN,Kolkata,dew,86,10,12,10.5,3.87
06-01-2019,IN,Kolkata,humidity,120,26.7,97.3,65.3,4210.62
07-01-2019,IN,Kolkata,pm10,94,45,562,146,132327
07-01-2019,IN,Kolkata,o3,96,0.1,44.2,2.3,1632.02
07-01-2019,IN,Kolkata,pressure,120,1012,1016.5,1013,17.64
07-01-2019,IN,Kolkata,co,96,0.2,45.2,5.7,1306.28
07-01-2019,IN,Kolkata,temperature,120,11.1,27.1,17.7,234.99
07-01-2019,IN,Kolkata,so2,96,1,56.1,8.4,2085.89
07-01-2019,IN,Kolkata,pm25,118,105,465,208,49112.6
07-01-2019,IN,Kolkata,no2,91,8.1,104.1,44.3,6929.86
07-01-2019,IN,Kolkata,wind-speed,96,0,1.6,0.2,1.91
07-01-2019,IN,Kolkata,dew,92,10,13,11,10.22
07-01-2019,IN,Kolkata,humidity,120,28.3,97.7,62.9,4732.83
08-01-2019,IN,Kolkata,pm10,95,79,559,142,108208
08-01-2019,IN,Kolkata,o3,96,0.8,44.9,2.5,1694.23
08-01-2019,IN,Kolkata,pressure,120,1011,1015,1013,14.79
08-01-2019,IN,Kolkata,co,95,0.7,46,5.9,1115.64
08-01-2019,IN,Kolkata,temperature,120,12.4,25.1,17.3,151.52
08-01-2019,IN,Kolkata,so2,96,1.3,53.5,8.5,1692.17
08-01-2019,IN,Kolkata,pm25,120,151,438,190,47718.8
08-01-2019,IN,Kolkata,no2,96,0.9,103.6,31.1,5126.07
08-01-2019,IN,Kolkata,wind-speed,95,0,2,0.5,2.64
08-01-2019,IN,Kolkata,dew,78,11,13,12,3.66
08-01-2019,IN,Kolkata,humidity,120,31.9,97.6,63.7,3362.08
09-01-2019,IN,Kolkata,pm10,95,91,534,148,94596.7
09-01-2019,IN,Kolkata,o3,96,0.8,54.6,2.5,2213.7
09-01-2019,IN,Kolkata,pressure,120,1013,1017,1014,15.57
09-01-2019,IN,Kolkata,co,95,0.2,48.3,6.8,1137.41
09-01-2019,IN,Kolkata,temperature,120,12.7,24.8,17.1,126.44
09-01-2019,IN,Kolkata,so2,95,2,58.2,8.2,2542.84
09-01-2019,IN,Kolkata,pm25,119,158,379,230,30392.1
09-01-2019,IN,Kolkata,no2,93,3.2,93.4,26.9,4719.71
09-01-2019,IN,Kolkata,wind-speed,96,0,1.3,0.2,1.38
09-01-2019,IN,Kolkata,dew,86,10,13,11.5,5.4
09-01-2019,IN,Kolkata,humidity,120,36.6,97.6,66,3285.97
10-01-2019,IN,Kolkata,pm10,94,107,551,163,105854
10-01-2019,IN,Kolkata,o3,96,0.9,62.3,2.9,3115.32
10-01-2019,IN,Kolkata,pressure,120,1014,1017.5,1015,14.34
10-01-2019,IN,Kolkata,co,96,2.2,41.4,8.6,1129.96
10-01-2019,IN,Kolkata,temperature,120,12.1,24.2,16.9,132.02
10-01-2019,IN,Kolkata,so2,96,2.4,59.2,9.1,1119.63
10-01-2019,IN,Kolkata,pm25,119,166,444,240,50666.7
10-01-2019,IN,Kolkata,no2,96,3.6,100.4,31.6,5038.61
10-01-2019,IN,Kolkata,wind-speed,96,0,1.3,0.3,1.54
10-01-2019,IN,Kolkata,dew,94,10,13,11,4.93
10-01-2019,IN,Kolkata,humidity,120,36.5,96.2,62.4,3678.86
11-01-2019,IN,Kolkata,pm10,96,97,769,169,191842
11-01-2019,IN,Kolkata,o3,96,1,54.9,5.1,2718.01
11-01-2019,IN,Kolkata,pressure,120,1014,1019,1015.5,20.22
11-01-2019,IN,Kolkata,co,96,1.6,58.7,9.2,1823.2
11-01-2019,IN,Kolkata,temperature,120,11.1,24.2,16.2,163.74
11-01-2019,IN,Kolkata,so2,96,0.9,64,6.8,2250.36
11-01-2019,IN,Kolkata,pm25,119,165,521,223,66850.1
11-01-2019,IN,Kolkata,no2,95,6.4,102.7,30.1,5225.34
11-01-2019,IN,Kolkata,wind-speed,96,0,2,0.3,2.64
11-01-2019,IN,Kolkata,dew,92,8,12,10,10.09
11-01-2019,IN,Kolkata,humidity,120,28.2,98.4,59.7,4688.04
12-01-2019,IN,Kolkata,pm10,96,91,757,238,190744
12-01-2019,IN,Kolkata,o3,96,1,45.2,2.7,1882.03
12-01-2019,IN,Kolkata,pressure,120,1014,1019,1015,18.14
12-01-2019,IN,Kolkata,co,96,2,55.9,8.4,1499.78
12-01-2019,IN,Kolkata,temperature,120,11.4,25.1,16.7,182.98
12-01-2019,IN,Kolkata,so2,96,2.3,58.4,8.8,1711.93
12-01-2019,IN,Kolkata,pm25,120,163,490,305,74820.4
12-01-2019,IN,Kolkata,no2,96,0.6,97.1,30.4,5494.55
12-01-2019,IN,Kolkata,wind-speed,96,0,1.7,0.3,2.25
12-01-2019,IN,Kolkata,dew,90,10,13,11.5,8.76
12-01-2019,IN,Kolkata,humidity,120,29,96.8,65.5,3667.57
13-01-2019,IN,Kolkata,pm10,95,94,619,161,127541
13-01-2019,IN,Kolkata,o3,96,1,49.1,2.9,2066.12
13-01-2019,IN,Kolkata,pressure,120,1013,1019,1015,20.88
13-01-2019,IN,Kolkata,co,96,0.3,53.3,5.9,1353.6
13-01-2019,IN,Kolkata,temperature,120,11.1,26.1,16.9,194.74
13-01-2019,IN,Kolkata,so2,96,1.6,56.5,7.2,1380.15
13-01-2019,IN,Kolkata,pm25,118,162,459,230,43354.6
13-01-2019,IN,Kolkata,no2,96,0.1,100.7,29.3,4651.94
13-01-2019,IN,Kolkata,wind-speed,96,0,1.9,0.2,1.92
13-01-2019,IN,Kolkata,dew,94,10.5,13,11.5,5.08
13-01-2019,IN,Kolkata,humidity,120,27.9,97.3,66.3,3958.87
14-01-2019,IN,Kolkata,pm10,95,129,984,237,205693
14-01-2019,IN,Kolkata,o3,96,1,54.6,2.4,2114.89
14-01-2019,IN,Kolkata,pressure,120,1012,1016,1014,11.42
14-01-2019,IN,Kolkata,co,95,1.8,59.9,12.1,1996.84
14-01-2019,IN,Kolkata,temperature,120,13,26.1,18.4,161.3
14-01-2019,IN,Kolkata,so2,95,2.1,58.7,16.4,2918.99
14-01-2019,IN,Kolkata,pm25,107,189,502,301,58875.8
14-01-2019,IN,Kolkata,no2,94,3.2,107.1,45.7,6727.33
14-01-2019,IN,Kolkata,wind-speed,96,0,1.3,0.2,1.06
14-01-2019,IN,Kolkata,dew,82,12,14,13,4.33
14-01-2019,IN,Kolkata,humidity,120,29.8,97.3,68,3673.09
15-01-2019,IN,Kolkata,pm10,96,26,689,172,122099
15-01-2019,IN,Kolkata,o3,96,0.4,44.9,4,1749.92
15-01-2019,IN,Kolkata,pressure,120,1013,1019,1015,27.53
15-01-2019,IN,Kolkata,co,89,1.2,48.6,8.5,1071.74
15-01-2019,IN,Kolkata,temperature,120,13.6,24.1,17.1,93.46
15-01-2019,IN,Kolkata,so2,96,2.5,45,8.7,700.42
15-01-2019,IN,Kolkata,pm25,120,51,448,252,63303
15-01-2019,IN,Kolkata,no2,94,6.6,97.1,37.4,4874.78
15-01-2019,IN,Kolkata,wind-speed,96,0,1.7,0.4,2.21
15-01-2019,IN,Kolkata,dew,84,8,14,10,30.6
15-01-2019,IN,Kolkata,humidity,120,28.6,92,59,3422.57
16-01-2019,IN,Kolkata,pm10,96,85,606,141,115834
16-01-2019,IN,Kolkata,o3,96,0.3,54.4,7,2294.44
16-01-2019,IN,Kolkata,pressure,120,1014,1019,1016,25.36
16-01-2019,IN,Kolkata,co,82,1.3,86.1,8.1,1738.99
16-01-2019,IN,Kolkata,temperature,120,10.6,24.1,15.9,157.7
16-01-2019,IN,Kolkata,so2,96,1.6,59.6,9.1,2684.11
16-01-2019,IN,Kolkata,pm25,104,157,455,190,37005.6
16-01-2019,IN,Kolkata,no2,94,1.2,102.6,30.1,6262.4
16-01-2019,IN,Kolkata,wind-speed,96,0,1.9,0.5,2.62
16-01-2019,IN,Kolkata,dew,92,6,9,7,9.96
16-01-2019,IN,Kolkata,humidity,120,23.9,87,51.7,3732.71
17-01-2019,IN,Kolkata,pm10,74,83,756,185,246175
17-01-2019,IN,Kolkata,o3,96,0.1,59.6,2.6,2445.4
17-01-2019,IN,Kolkata,pressure,120,1012,1016.5,1014,16.14
17-01-2019,IN,Kolkata,co,96,1.2,53.7,10,1359.18
17-01-2019,IN,Kolkata,temperature,120,10,25.1,16.1,210.22
17-01-2019,IN,Kolkata,so2,92,1.3,59.9,11.9,2418
17-01-2019,IN,Kolkata,pm25,82,160,498,239,50452.2
17-01-2019,IN,Kolkata,no2,92,0.4,106.5,34,7418.94
17-01-2019,IN,Kolkata,wind-speed,96,0,1.9,0.3,1.97
17-01-2019,IN,Kolkata,dew,94,7,11,9,15.09
17-01-2019,IN,Kolkata,humidity,119,21.2,93.8,58.3,3756.01
18-01-2019,IN,Kolkata,pm10,72,111,939,185,358023
18-01-2019,IN,Kolkata,o3,96,0.1,57.5,3.8,2256.05
18-01-2019,IN,Kolkata,pressure,120,1012,1017,1014,20.46
18-01-2019,IN,Kolkata,co,96,1.4,72.1,10.2,2242.65
18-01-2019,IN,Kolkata,temperature,120,11.6,26.1,17.1,193.01
18-01-2019,IN,Kolkata,so2,96,1.1,64.5,10.6,2047.47
18-01-2019,IN,Kolkata,pm25,117,180,586,243,53299.4
18-01-2019,IN,Kolkata,no2,94,0.1,111.6,36.8,7615.73
18-01-2019,IN,Kolkata,wind-speed,96,0,1.9,0.3,1.93
18-01-2019,IN,Kolkata,dew,90,10.5,13,11.5,4.21
18-01-2019,IN,Kolkata,humidity,120,31.9,96.3,67,4008.76
19-01-2019,IN,Kolkata,pm10,81,109,999,193,451139
19-01-2019,IN,Kolkata,o3,96,0.1,63.5,2.3,2416.6
19-01-2019,IN,Kolkata,pressure,120,1013,1018,1015,17.97
19-01-2019,IN,Kolkata,co,96,0.5,65.7,11.6,2230.66
19-01-2019,IN,Kolkata,temperature,120,11.4,25.4,16.8,173.01
19-01-2019,IN,Kolkata,so2,95,1.4,62.3,10,2338.4
19-01-2019,IN,Kolkata,pm25,118,165,659,258,127228
19-01-2019,IN,Kolkata,no2,92,0.1,104.3,35.6,8465.82
19-01-2019,IN,Kolkata,wind-speed,96,0,2,0.3,2.31
19-01-2019,IN,Kolkata,dew,88,8,13.5,10,17.24
19-01-2019,IN,Kolkata,humidity,120,25.9,96.4,63.3,4420.73
20-01-2019,IN,Kolkata,pm10,96,104,591,195,194718
20-01-2019,IN,Kolkata,o3,96,0.1,49.3,2.3,1945.4
20-01-2019,IN,Kolkata,pressure,120,1013,1018,1015,22.73
20-01-2019,IN,Kolkata,co,96,1.6,41.3,12,835.85
20-01-2019,IN,Kolkata,temperature,120,12,25.6,17.5,182.75
20-01-2019,IN,Kolkata,so2,96,1.8,57.8,6.6,1495.3
20-01-2019,IN,Kolkata,pm25,120,172,480,275,59766.2
20-01-2019,IN,Kolkata,no2,92,6.4,102,33,6904.83
20-01-2019,IN,Kolkata,wind-speed,96,0,1.8,0.2,1.69
20-01-2019,IN,Kolkata,dew,94,10,13,11.5,9.95
20-01-2019,IN,Kolkata,humidity,120,33.1,97.7,64.2,3698.14
21-01-2019,IN,Kolkata,pm10,93,111,673,239,271923
21-01-2019,IN,Kolkata,o3,96,0.1,59,2.2,2204.98
21-01-2019,IN,Kolkata,pressure,120,1013,1017.5,1015,14.46
21-01-2019,IN,Kolkata,co,96,2.2,63.4,16.5,2165.88
21-01-2019,IN,Kolkata,temperature,120,12.1,27.1,17.6,210.71
21-01-2019,IN,Kolkata,so2,96,1.2,58.7,9.3,2001.42
21-01-2019,IN,Kolkata,pm25,117,161,485,302,75245.7
21-01-2019,IN,Kolkata,no2,88,1.3,104.1,34.7,7316.57
21-01-2019,IN,Kolkata,wind-speed,96,0,1.6,0.3,1.4
21-01-2019,IN,Kolkata,dew,86,11,13,12,2.67
21-01-2019,IN,Kolkata,humidity,120,28.2,97.7,66,5015.42
22-01-2019,IN,Kolkata,pm10,96,132,654,342,184982
22-01-2019,IN,Kolkata,o3,96,0.1,69.7,2.2,2203.47
22-01-2019,IN,Kolkata,pressure,120,1013,1018,1015,14.43
22-01-2019,IN,Kolkata,co,96,1.9,68.4,18.2,2868.33
22-01-2019,IN,Kolkata,temperature,120,12.1,28.1,18.7,239.24
22-01-2019,IN,Kolkata,so2,96,2,62,11.3,1230.52
22-01-2019,IN,Kolkata,pm25,115,183,531,344,62424.6
22-01-2019,IN,Kolkata,no2,88,7,111.3,46.4,9185.37
22-01-2019,IN,Kolkata,wind-speed,96,0,1.1,0.2,0.88
22-01-2019,IN,Kolkata,dew,84,11,14,13,7.69
22-01-2019,IN,Kolkata,humidity,120,25.1,98.1,67.2,4685.55
23-01-2019,IN,Kolkata,pm10,95,90,999,245,428241
23-01-2019,IN,Kolkata,o3,96,0.9,49.1,2.2,1939.05
23-01-2019,IN,Kolkata,pressure,120,1013,1017,1015,10.73
23-01-2019,IN,Kolkata,co,90,0.2,72.8,19.6,3023.22
23-01-2019,IN,Kolkata,temperature,120,13.1,29.1,19.4,243.68
23-01-2019,IN,Kolkata,so2,96,1.2,53.5,6.2,843.67
23-01-2019,IN,Kolkata,pm25,118,159,537,296,107597
23-01-2019,IN,Kolkata,no2,91,3.4,105.1,30.8,8617.38
23-01-2019,IN,Kolkata,wind-speed,96,0,1.6,0.2,1.54
23-01-2019,IN,Kolkata,dew,92,11.5,14.5,13,6.7
23-01-2019,IN,Kolkata,humidity,120,24.4,99,64,5574.52
24-01-2019,IN,Kolkata,pm10,96,96,620,173,111030
24-01-2019,IN,Kolkata,o3,96,0.8,56.1,2.6,1907.27
24-01-2019,IN,Kolkata,pressure,120,1014,1018,1015,12.92
24-01-2019,IN,Kolkata,co,95,0.5,34.7,12.9,733.26
24-01-2019,IN,Kolkata,temperature,120,14.1,29.1,20.8,225.34
24-01-2019,IN,Kolkata,so2,96,0.9,54,7.5,1545.5
24-01-2019,IN,Kolkata,pm25,120,165,417,240,42994.6
24-01-2019,IN,Kolkata,no2,92,1.8,102.3,40.6,7075.89
24-01-2019,IN,Kolkata,wind-speed,96,0,1.4,0.3,1.36
24-01-2019,IN,Kolkata,dew,82,13,16,14.5,7.53
24-01-2019,IN,Kolkata,humidity,120,30.4,99,63,4250.77
25-01-2019,IN,Kolkata,pm10,96,90,318,147,29677.2
25-01-2019,IN,Kolkata,o3,96,0.8,52.1,3.4,1521.68
25-01-2019,IN,Kolkata,pressure,120,1014,1018,1016,14.64
25-01-2019,IN,Kolkata,co,96,1.9,33.9,8.7,591.73
25-01-2019,IN,Kolkata,temperature,120,14.1,28.6,20.7,177.86
25-01-2019,IN,Kolkata,so2,96,0.8,32.4,6.7,462.23
25-01-2019,IN,Kolkata,pm25,119,159,340,194,24935.8
25-01-2019,IN,Kolkata,no2,94,8.7,104.3,43.2,5249.93
25-01-2019,IN,Kolkata,wind-speed,96,0,1.8,0.5,2.22
25-01-2019,IN,Kolkata,dew,92,13,15,14,3.44
25-01-2019,IN,Kolkata,humidity,120,30.6,96.7,60.1,3840.24
26-01-2019,IN,Kolkata,pm10,96,94,235,121,8451.79
26-01-2019,IN,Kolkata,o3,96,0.9,48.8,7.5,1172.08
26-01-2019,IN,Kolkata,pressure,120,1014,1019,1016,14.06
26-01-2019,IN,Kolkata,co,96,0.8,18.6,6.8,137.03
26-01-2019,IN,Kolkata,temperature,120,15.7,29.1,20.9,138.47
26-01-2019,IN,Kolkata,so2,96,1.6,48.7,6.8,323.94
26-01-2019,IN,Kolkata,pm25,118,152,329,183,8331.19
26-01-2019,IN,Kolkata,no2,96,8.5,76.7,32.1,2761.54
26-01-2019,IN,Kolkata,wind-speed,96,0,2.3,0.7,2.58
26-01-2019,IN,Kolkata,dew,92,14,16,15,3.65
26-01-2019,IN,Kolkata,humidity,120,32.3,92.6,63.3,2518.35
27-01-2019,IN,Kolkata,pm10,96,88,188,116,3604.59
27-01-2019,IN,Kolkata,o3,96,1,37.2,4.5,844.89
27-01-2019,IN,Kolkata,pressure,120,1015,1019,1016,15.7
27-01-2019,IN,Kolkata,co,96,1.6,17.9,6.4,143.59
27-01-2019,IN,Kolkata,temperature,120,17.8,26.1,20.8,65.47
27-01-2019,IN,Kolkata,so2,96,2.4,50.2,8.2,1123.81
27-01-2019,IN,Kolkata,pm25,120,155,265,177,2526.88
27-01-2019,IN,Kolkata,no2,96,8.2,78.9,34.5,2899.18
27-01-2019,IN,Kolkata,wind-speed,96,0,2,0.5,3.31
27-01-2019,IN,Kolkata,dew,72,13.5,16,15,6.21
27-01-2019,IN,Kolkata,humidity,120,38.3,84,65,1806.24
28-01-2019,IN,Kolkata,pm10,95,70,210,105,8030.57
28-01-2019,IN,Kolkata,o3,96,1.1,32,6.9,551.57
28-01-2019,IN,Kolkata,pressure,120,1015,1019,1016,18.21
28-01-2019,IN,Kolkata,co,96,0.2,19,5.3,159.27
28-01-2019,IN,Kolkata,temperature,120,17.1,22.6,19.7,18.91
28-01-2019,IN,Kolkata,so2,96,2.8,48.6,7.2,806.29
28-01-2019,IN,Kolkata,pm25,116,118,276,172,5193.3
28-01-2019,IN,Kolkata,no2,93,7.9,68.1,26.1,2677.34
28-01-2019,IN,Kolkata,wind-speed,96,0,3.4,0.6,4.75
28-01-2019,IN,Kolkata,dew,90,14,16,15,4.3
28-01-2019,IN,Kolkata,humidity,120,55.4,82,70,421.41
29-01-2019,IN,Kolkata,pm10,96,73,316,102,14666.1
29-01-2019,IN,Kolkata,o3,96,1.3,42.5,7,1183.73
29-01-2019,IN,Kolkata,pressure,120,1015,1018,1016,11.66
29-01-2019,IN,Kolkata,co,94,0.5,33.2,4.7,484.28
29-01-2019,IN,Kolkata,temperature,120,13.3,23.6,17.9,63.37
29-01-2019,IN,Kolkata,so2,96,2.7,45.9,5.8,672.56
29-01-2019,IN,Kolkata,pm25,120,134,255,163,5849.46
29-01-2019,IN,Kolkata,no2,96,7.6,84.4,27.5,4172.83
29-01-2019,IN,Kolkata,wind-speed,96,0,4.1,0.7,13.22
29-01-2019,IN,Kolkata,dew,96,7,15.5,9,60.73
29-01-2019,IN,Kolkata,humidity,120,24.3,82,54,2961.45
30-01-2019,IN,Kolkata,pm10,96,46,430,102,39468.8
30-01-2019,IN,Kolkata,o3,96,1.2,43.5,5.7,1314.45
30-01-2019,IN,Kolkata,pressure,120,1016,1021,1018,16.89
30-01-2019,IN,Kolkata,co,96,0.3,38.3,4.3,494.64
30-01-2019,IN,Kolkata,temperature,120,10.5,23.6,16.4,136.66
30-01-2019,IN,Kolkata,so2,95,2.5,61.2,8.2,965.01
30-01-2019,IN,Kolkata,pm25,120,100,281,170,9267.98
30-01-2019,IN,Kolkata,no2,96,8,90.5,36.4,4327.33
30-01-2019,IN,Kolkata,wind-speed,96,0,3.6,0.5,12.26
30-01-2019,IN,Kolkata,dew,88,4,9,7,16.18
30-01-2019,IN,Kolkata,humidity,120,20.2,88.4,46.6,2554.74
31-01-2019,IN,Kolkata,pm10,95,93,588,144,92080.8
31-01-2019,IN,Kolkata,o3,95,0.9,46.7,4.4,1567.7
31-01-2019,IN,Kolkata,pressure,120,1015,1019,1017,15.64
31-01-2019,IN,Kolkata,co,95,0.7,44.6,7.7,913.04
31-01-2019,IN,Kolkata,temperature,119,11.1,25.1,17.6,184.17
31-01-2019,IN,Kolkata,so2,95,2.7,54.5,8.5,1508.13
31-01-2019,IN,Kolkata,pm25,119,157,393,194,31690
31-01-2019,IN,Kolkata,no2,93,6.6,103.6,41.2,5412.92
31-01-2019,IN,Kolkata,wind-speed,95,0,2.9,0.7,9.28
31-01-2019,IN,Kolkata,dew,74,8,12,11,23.49
31-01-2019,IN,Kolkata,humidity,119,32.6,92.8,58.4,2358.36
01-02-2019,IN,Kolkata,pm10,96,88,774,152,84341.9
01-02-2019,IN,Kolkata,o3,95,1.1,53.3,3,1761.03
01-02-2019,IN,Kolkata,pressure,120,1013,1018,1015,19.53
01-02-2019,IN,Kolkata,co,96,2.2,45.4,10.6,655.05
01-02-2019,IN,Kolkata,temperature,120,12.3,28.1,18.2,225.61
01-02-2019,IN,Kolkata,so2,93,2.3,60.6,7.3,1553.07
01-02-2019,IN,Kolkata,pm25,120,161,354,208,16428.5
01-02-2019,IN,Kolkata,no2,95,8.7,95.7,43.1,4120.17
01-02-2019,IN,Kolkata,wind-speed,96,0,3.2,0.2,7.85
01-02-2019,IN,Kolkata,dew,90,10,13,11.5,5.61
01-02-2019,IN,Kolkata,humidity,120,27.6,94.7,60.5,3833.34
02-02-2019,IN,Kolkata,pm10,96,86,999,161,358845
02-02-2019,IN,Kolkata,o3,96,0.9,55.7,2.3,1845.46
02-02-2019,IN,Kolkata,pressure,120,1012,1016,1014,13.89
02-02-2019,IN,Kolkata,co,96,0.6,49.4,11.1,1945.75
02-02-2019,IN,Kolkata,temperature,120,12.1,28.1,19.4,236.14
02-02-2019,IN,Kolkata,so2,96,1.6,58.6,9.3,1835.33
02-02-2019,IN,Kolkata,pm25,120,159,999,216,126588
02-02-2019,IN,Kolkata,no2,94,0.3,103.1,42.7,7588.39
02-02-2019,IN,Kolkata,wind-speed,96,0,3,0.3,9.55
02-02-2019,IN,Kolkata,dew,84,10,12,12,3.68
02-02-2019,IN,Kolkata,humidity,120,24.2,95.6,57,4666.37
03-02-2019,IN,Kolkata,pm10,96,85,629,169,142439
03-02-2019,IN,Kolkata,o3,96,0.9,54.2,2.5,1887.66
03-02-2019,IN,Kolkata,pressure,120,1014,1019,1016,19.41
03-02-2019,IN,Kolkata,co,95,0.1,51.4,10.5,1401.62
03-02-2019,IN,Kolkata,temperature,120,13.1,28.2,20.1,230.83
03-02-2019,IN,Kolkata,so2,96,0.8,51,8.8,844.22
03-02-2019,IN,Kolkata,pm25,120,151,401,217,49194.6
03-02-2019,IN,Kolkata,no2,96,0.5,101.6,39.4,5975.97
03-02-2019,IN,Kolkata,wind-speed,96,0,3.3,0.4,9.83
03-02-2019,IN,Kolkata,dew,90,8,13.5,11,25.97
03-02-2019,IN,Kolkata,humidity,120,19.5,97.3,51.1,5518.29
04-02-2019,IN,Kolkata,pm10,94,79,434,174,81284.4
04-02-2019,IN,Kolkata,o3,96,0.4,53.1,2,1726.54
04-02-2019,IN,Kolkata,pressure,120,1015,1030.3,1017,73.13
04-02-2019,IN,Kolkata,co,96,0.2,41.6,13,990.72
04-02-2019,IN,Kolkata,temperature,120,13.3,29.1,19.4,221.44
04-02-2019,IN,Kolkata,so2,92,1.7,55.9,7.5,1504.06
04-02-2019,IN,Kolkata,pm25,118,100,361,210,27248.3
04-02-2019,IN,Kolkata,no2,95,5.6,101.8,49.4,6879.29
04-02-2019,IN,Kolkata,wind-speed,96,0,3.8,0.3,9.91
04-02-2019,IN,Kolkata,dew,78,8.5,12,11,12.25
04-02-2019,IN,Kolkata,humidity,120,20.4,93,53.4,4317.52
05-02-2019,IN,Kolkata,pm10,96,90,446,157,64785.7
05-02-2019,IN,Kolkata,o3,96,0.2,53.2,2.9,1796.73
05-02-2019,IN,Kolkata,pressure,119,1013,1030.3,1016,76.77
05-02-2019,IN,Kolkata,co,95,0.5,43.3,11.7,1024.22
05-02-2019,IN,Kolkata,temperature,120,11.2,27.1,19.1,192.47
05-02-2019,IN,Kolkata,so2,96,1.8,58.6,9,1626.31
05-02-2019,IN,Kolkata,pm25,120,162,373,200,30715
05-02-2019,IN,Kolkata,no2,96,7.3,102.3,39.3,6471.94
05-02-2019,IN,Kolkata,wind-speed,96,0,4.2,0.4,12.66
05-02-2019,IN,Kolkata,dew,86,10,11.5,11,3.05
05-02-2019,IN,Kolkata,humidity,120,29,95.6,52.9,3768.03
06-02-2019,IN,Kolkata,pm10,96,92,829,180,165724
06-02-2019,IN,Kolkata,o3,95,1,49,3,1670.31
06-02-2019,IN,Kolkata,pressure,120,1011,1025.3,1013,26.23
06-02-2019,IN,Kolkata,co,96,2.7,50.2,14,1250.6
06-02-2019,IN,Kolkata,temperature,120,12.1,29.1,20.2,224.42
06-02-2019,IN,Kolkata,so2,96,1.7,51.7,11.3,1576.2
06-02-2019,IN,Kolkata,pm25,120,162,403,230,37500.3
06-02-2019,IN,Kolkata,no2,95,8,103.5,42.7,7820.28
06-02-2019,IN,Kolkata,wind-speed,96,0,3.3,0.3,10.7
06-02-2019,IN,Kolkata,dew,94,10,13,11.5,6.85
06-02-2019,IN,Kolkata,humidity,120,23.5,97.1,52,4979.09
07-02-2019,IN,Kolkata,pm10,95,101,504,177,54635.5
07-02-2019,IN,Kolkata,o3,96,1.1,48.3,5.3,1966.97
07-02-2019,IN,Kolkata,pressure,120,1011,1016,1013.5,16.81
07-02-2019,IN,Kolkata,co,96,0.1,44.5,13.5,836.76
07-02-2019,IN,Kolkata,temperature,120,15.1,30,22.8,198.23
07-02-2019,IN,Kolkata,so2,96,2,44.1,12.9,727.73
07-02-2019,IN,Kolkata,pm25,117,169,361,233,24162.8
07-02-2019,IN,Kolkata,no2,96,9.5,103.2,50.4,8343.41
07-02-2019,IN,Kolkata,wind-speed,96,0,3.7,0.4,8.54
07-02-2019,IN,Kolkata,dew,94,12,17,14.5,22.55
07-02-2019,IN,Kolkata,humidity,120,31.5,92.1,53,3200.74
08-02-2019,IN,Kolkata,pm10,96,102,355,154,19661.2
08-02-2019,IN,Kolkata,o3,96,1,45.3,16,1830.07
08-02-2019,IN,Kolkata,pressure,119,1012,1026.6,1014,40.72
08-02-2019,IN,Kolkata,co,96,0.6,25.9,9.3,204.28
08-02-2019,IN,Kolkata,temperature,120,14.1,30.3,23.1,169.62
08-02-2019,IN,Kolkata,so2,96,1.3,37.7,9.3,393.41
08-02-2019,IN,Kolkata,pm25,120,160,294,189,11603.9
08-02-2019,IN,Kolkata,no2,95,8.9,97.4,35.9,4898.42
08-02-2019,IN,Kolkata,wind-speed,96,0,2.1,0.5,2.53
08-02-2019,IN,Kolkata,dew,90,15,17.5,16.5,5.73
08-02-2019,IN,Kolkata,humidity,120,32.2,93.5,60.9,2656.89
09-02-2019,IN,Kolkata,pm10,96,74,171,103,3077.96
09-02-2019,IN,Kolkata,o3,96,10.6,35,17,296.56
09-02-2019,IN,Kolkata,pressure,120,1012,1017,1014,24.25
09-02-2019,IN,Kolkata,co,96,1.9,13.5,5.9,44.95
09-02-2019,IN,Kolkata,temperature,120,18.1,26.1,20.9,54.53
09-02-2019,IN,Kolkata,so2,96,2,37.2,6,380.57
09-02-2019,IN,Kolkata,pm25,117,153,259,174,2880.43
09-02-2019,IN,Kolkata,no2,96,9.6,55.4,19.6,620.36
09-02-2019,IN,Kolkata,wind-speed,96,0.1,4.3,0.8,6.64
09-02-2019,IN,Kolkata,dew,84,15,18,17,11.32
09-02-2019,IN,Kolkata,humidity,120,51.3,88,68.5,685.55
10-02-2019,IN,Kolkata,pm10,96,52,114,78,1680.39
10-02-2019,IN,Kolkata,o3,96,1.6,42.3,12.6,1118.01
10-02-2019,IN,Kolkata,pressure,120,1016,1020,1018,17.72
10-02-2019,IN,Kolkata,co,96,1.7,15,4.5,53
10-02-2019,IN,Kolkata,temperature,120,15.1,25.1,19.1,82.48
10-02-2019,IN,Kolkata,so2,96,2.3,21.5,4.9,183.06
10-02-2019,IN,Kolkata,pm25,96,102,176,138,3299.98
10-02-2019,IN,Kolkata,no2,96,7.3,74.5,21.5,1879.35
10-02-2019,IN,Kolkata,wind-speed,96,0,4.6,0.7,6.01
10-02-2019,IN,Kolkata,dew,76,9,15.5,11.5,67.35
10-02-2019,IN,Kolkata,humidity,120,25.8,93,49.9,3940.61
11-02-2019,IN,Kolkata,pm10,93,61,196,107,6404.38
11-02-2019,IN,Kolkata,o3,95,1.2,43,12.2,1406.92
11-02-2019,IN,Kolkata,pressure,120,1016,1020.5,1017.5,16.33
11-02-2019,IN,Kolkata,co,96,1.9,21.1,6.8,198.99
11-02-2019,IN,Kolkata,temperature,120,13.1,25.5,18.7,151.34
11-02-2019,IN,Kolkata,so2,96,1.6,56.3,6.7,797.69
11-02-2019,IN,Kolkata,pm25,94,83,232,169,5336.88
11-02-2019,IN,Kolkata,no2,93,8.6,96.2,30,3574.27
11-02-2019,IN,Kolkata,wind-speed,96,0,2.1,0.5,3.25
11-02-2019,IN,Kolkata,dew,88,9,12,10,8.95
11-02-2019,IN,Kolkata,humidity,120,27.6,91.2,54,2947.02
12-02-2019,IN,Kolkata,pm10,96,71,444,127,37701.8
12-02-2019,IN,Kolkata,o3,96,1.1,46.5,6.4,1750.24
12-02-2019,IN,Kolkata,pressure,120,1017,1020,1018,12.52
12-02-2019,IN,Kolkata,co,96,2.9,25.5,8,298.3
12-02-2019,IN,Kolkata,temperature,120,13.4,27.1,19.1,176.36
12-02-2019,IN,Kolkata,so2,96,1.8,44.2,7.6,744.47
12-02-2019,IN,Kolkata,pm25,110,152,312,182,12023.1
12-02-2019,IN,Kolkata,no2,96,8.1,101.7,38.9,6002.43
12-02-2019,IN,Kolkata,wind-speed,96,0,1.8,0.5,2.26
12-02-2019,IN,Kolkata,dew,90,7,13,10,30.21
12-02-2019,IN,Kolkata,humidity,120,25.2,92.7,50.5,4049.49
13-02-2019,IN,Kolkata,pm10,96,82,415,143,45399
13-02-2019,IN,Kolkata,o3,96,1.3,47.7,5.7,1932.04
13-02-2019,IN,Kolkata,pressure,120,1015,1021,1018,34.98
13-02-2019,IN,Kolkata,co,96,0.9,45.8,8.7,816.73
13-02-2019,IN,Kolkata,temperature,120,14.4,28.3,19.9,189.22
13-02-2019,IN,Kolkata,so2,95,3,56.9,9.9,1769.12
13-02-2019,IN,Kolkata,pm25,120,154,327,193,10810
13-02-2019,IN,Kolkata,no2,96,8,103.3,42.5,6816.16
13-02-2019,IN,Kolkata,wind-speed,96,0,1.8,0.4,1.94
13-02-2019,IN,Kolkata,dew,96,9,13.5,11,12.98
13-02-2019,IN,Kolkata,humidity,120,25.8,86.7,53.3,2929.9
14-02-2019,IN,Kolkata,pm10,96,91,774,161,235701
14-02-2019,IN,Kolkata,o3,96,1.1,48.7,4.3,2050.62
14-02-2019,IN,Kolkata,pressure,120,1012,1018,1015,22.39
14-02-2019,IN,Kolkata,co,95,0.1,53.6,9.9,1920.4
14-02-2019,IN,Kolkata,temperature,120,14.6,30.1,22,243.92
14-02-2019,IN,Kolkata,so2,96,2.5,61.6,11.8,2463.41
14-02-2019,IN,Kolkata,pm25,119,158,472,222,59110.2
14-02-2019,IN,Kolkata,no2,95,10.7,105.6,55.9,9233.5
14-02-2019,IN,Kolkata,wind-speed,96,0,1.5,0.3,1.31
14-02-2019,IN,Kolkata,dew,92,11,14,13,9
14-02-2019,IN,Kolkata,humidity,120,25.9,93.5,53.3,3500.47
15-02-2019,IN,Kolkata,pm10,96,108,999,186,230712
15-02-2019,IN,Kolkata,o3,96,1,52.8,6,2365.31
15-02-2019,IN,Kolkata,pressure,120,1012.5,1017,1014,16.87
15-02-2019,IN,Kolkata,co,95,1.4,39.1,11.3,873.81
15-02-2019,IN,Kolkata,temperature,120,15.9,31.1,22.5,199.21
15-02-2019,IN,Kolkata,so2,96,2.7,57.5,12.6,1291.6
15-02-2019,IN,Kolkata,pm25,119,75,497,231,50201.3
15-02-2019,IN,Kolkata,no2,95,9.6,104.2,54,7738.9
15-02-2019,IN,Kolkata,wind-speed,96,0,2,0.3,2.32
15-02-2019,IN,Kolkata,dew,88,13.5,16.5,15,7.11
15-02-2019,IN,Kolkata,humidity,120,31.9,90.3,55.4,2992.54
16-02-2019,IN,Kolkata,pm10,96,56,319,110,44991.3
16-02-2019,IN,Kolkata,o3,96,1.3,31.4,8.7,546.86
16-02-2019,IN,Kolkata,pressure,120,1011,1018,1014,57.37
16-02-2019,IN,Kolkata,co,96,1.4,28.9,7.2,365.11
16-02-2019,IN,Kolkata,temperature,120,18.5,28.1,20.7,74.62
16-02-2019,IN,Kolkata,so2,95,3,54.1,9.2,1531.04
16-02-2019,IN,Kolkata,pm25,120,82,349,166,29724.2
16-02-2019,IN,Kolkata,no2,96,13.3,100.9,35.9,5972.03
16-02-2019,IN,Kolkata,wind-speed,96,0,2.8,0.7,3.12
16-02-2019,IN,Kolkata,dew,86,14,16.5,15.5,4.25
16-02-2019,IN,Kolkata,humidity,120,37.6,82.8,65.9,1389.61
17-02-2019,IN,Kolkata,pm10,96,65,184,99,6266.21
17-02-2019,IN,Kolkata,o3,96,1.4,41.4,9,1279.37
17-02-2019,IN,Kolkata,pressure,120,1008,1014,1010,29.66
17-02-2019,IN,Kolkata,co,96,1.8,19.2,6.3,117.23
17-02-2019,IN,Kolkata,temperature,120,18.1,29.1,21.4,98.74
17-02-2019,IN,Kolkata,so2,96,2.7,52.2,6.4,1024.34
17-02-2019,IN,Kolkata,pm25,120,129,249,163,3138.95
17-02-2019,IN,Kolkata,no2,96,13,89.4,27.6,3706.58
17-02-2019,IN,Kolkata,wind-speed,96,0,5.5,0.6,18.61
17-02-2019,IN,Kolkata,dew,86,14,17,15,12.3
17-02-2019,IN,Kolkata,humidity,120,33.7,89.3,61.8,3044.57
18-02-2019,IN,Kolkata,pm10,92,72,283,113,12036.4
18-02-2019,IN,Kolkata,o3,89,1.2,48.7,10.3,1705.28
18-02-2019,IN,Kolkata,pressure,120,1009,1014,1010.5,19.74
18-02-2019,IN,Kolkata,co,96,1.4,27.9,6.6,327.79
18-02-2019,IN,Kolkata,temperature,120,14.1,28.1,20.7,120.01
18-02-2019,IN,Kolkata,so2,95,2,31,8.1,323.29
18-02-2019,IN,Kolkata,pm25,118,98,257,174,5372.4
18-02-2019,IN,Kolkata,no2,95,11.4,102.5,31.7,6512.02
18-02-2019,IN,Kolkata,wind-speed,96,0,3.7,0.5,11.23
18-02-2019,IN,Kolkata,dew,90,11,14,12,8.23
18-02-2019,IN,Kolkata,humidity,120,28.4,85.7,52,2526.71
19-02-2019,IN,Kolkata,pm10,96,77,439,125,48271.6
19-02-2019,IN,Kolkata,o3,85,1,45.8,11.9,1754.73
19-02-2019,IN,Kolkata,pressure,120,1010,1016,1012.5,29.24
19-02-2019,IN,Kolkata,co,96,0.2,29.4,7.3,370.05
19-02-2019,IN,Kolkata,temperature,120,15.1,32.1,23.2,221.04
19-02-2019,IN,Kolkata,so2,96,1.3,55.5,8.9,1019.66
19-02-2019,IN,Kolkata,pm25,120,152,322,186,19147.1
19-02-2019,IN,Kolkata,no2,94,10.2,101.1,39.2,7049.42
19-02-2019,IN,Kolkata,wind-speed,96,0,2.5,0.9,2.73
19-02-2019,IN,Kolkata,dew,92,13.5,18,15.5,25.7
19-02-2019,IN,Kolkata,humidity,120,26.1,95.4,63.9,4441.72
20-02-2019,IN,Kolkata,pm10,96,59,384,93,15238.7
20-02-2019,IN,Kolkata,o3,96,1.5,41.4,8.7,1092.79
20-02-2019,IN,Kolkata,pressure,120,1013,1017,1014.5,19.68
20-02-2019,IN,Kolkata,co,96,1.3,25.5,5.8,220.4
20-02-2019,IN,Kolkata,temperature,120,21.1,33.1,23.9,128.81
20-02-2019,IN,Kolkata,so2,95,1.7,32.9,7.5,429.97
20-02-2019,IN,Kolkata,pm25,120,135,367,161,6162.21
20-02-2019,IN,Kolkata,no2,94,8.4,88.1,19.5,4418.65
20-02-2019,IN,Kolkata,wind-speed,96,0,3,0.8,4.93
20-02-2019,IN,Kolkata,dew,84,14,21.5,16,60.22
20-02-2019,IN,Kolkata,humidity,120,26.6,99,55,5696.61
21-02-2019,IN,Kolkata,pm10,96,100,407,140,35068.5
21-02-2019,IN,Kolkata,o3,96,1,49.2,3.7,2157.65
21-02-2019,IN,Kolkata,pressure,120,1013,1018,1016,29.81
21-02-2019,IN,Kolkata,co,96,0.5,23.7,10.2,244.06
21-02-2019,IN,Kolkata,temperature,120,18.6,33.1,24.1,175.27
21-02-2019,IN,Kolkata,so2,96,1.4,57.2,9,1274.14
21-02-2019,IN,Kolkata,pm25,120,117,381,188,17665.5
21-02-2019,IN,Kolkata,no2,96,7.4,100.9,35.2,5619.4
21-02-2019,IN,Kolkata,wind-speed,96,0,3.4,0.4,10.91
21-02-2019,IN,Kolkata,dew,92,14,17,15.5,7.89
21-02-2019,IN,Kolkata,humidity,120,21.1,99,57.8,5310.01
22-02-2019,IN,Kolkata,pm10,96,52,312,95,16449.7
22-02-2019,IN,Kolkata,o3,96,1,39.2,6.5,1084.99
22-02-2019,IN,Kolkata,pressure,120,1009,1015,1012,31.03
22-02-2019,IN,Kolkata,co,96,0.2,19.8,6.1,92.47
22-02-2019,IN,Kolkata,temperature,120,20.1,35.1,25.2,172.62
22-02-2019,IN,Kolkata,so2,96,1.5,39,12.8,1113.24
22-02-2019,IN,Kolkata,pm25,120,97,233,162,3995.77
22-02-2019,IN,Kolkata,no2,95,7.8,106.9,24.3,3005.45
22-02-2019,IN,Kolkata,wind-speed,96,0,3.6,0.7,9.1
22-02-2019,IN,Kolkata,dew,94,18,22,20,9.08
22-02-2019,IN,Kolkata,humidity,120,33.8,99,69,4067.22
23-02-2019,IN,Kolkata,pm10,96,76,200,108,8027.15
23-02-2019,IN,Kolkata,o3,96,1.1,43.3,7.5,1561.87
23-02-2019,IN,Kolkata,pressure,120,1007,1012,1009.5,17.73
23-02-2019,IN,Kolkata,co,96,2.9,35.9,7.1,427.72
23-02-2019,IN,Kolkata,temperature,120,21,34.1,26.1,132.91
23-02-2019,IN,Kolkata,so2,96,2.2,58.3,8.3,1023.74
23-02-2019,IN,Kolkata,pm25,120,153,270,165,4809.51
23-02-2019,IN,Kolkata,no2,96,6.3,102.4,26.9,5857.4
23-02-2019,IN,Kolkata,wind-speed,96,0,4.9,0.4,16.78
23-02-2019,IN,Kolkata,dew,88,17.5,21,20,10.22
23-02-2019,IN,Kolkata,humidity,120,34,93.4,59.7,2608.16
24-02-2019,IN,Kolkata,pm10,96,84,999,110,183686
24-02-2019,IN,Kolkata,o3,96,1.2,52.2,11.6,1796.84
24-02-2019,IN,Kolkata,pressure,120,1007.5,1013,1010,24.06
24-02-2019,IN,Kolkata,co,96,0.6,30.3,4.6,370.81
24-02-2019,IN,Kolkata,temperature,120,20.1,32.1,25.1,90.6
24-02-2019,IN,Kolkata,so2,96,1.7,35.9,8.3,470.15
24-02-2019,IN,Kolkata,pm25,120,112,303,167,15665.4
24-02-2019,IN,Kolkata,no2,96,8.4,100.4,25.6,3119.9
24-02-2019,IN,Kolkata,wind-speed,96,0,3.4,0.6,9.18
24-02-2019,IN,Kolkata,dew,92,11,20,15,67.76
24-02-2019,IN,Kolkata,humidity,120,21.7,82,44,2971.8
25-02-2019,IN,Kolkata,pm10,94,44,172,79,8482
25-02-2019,IN,Kolkata,o3,96,2.1,23,10.9,250.28
25-02-2019,IN,Kolkata,pressure,120,1008,1014,1010,32.13
25-02-2019,IN,Kolkata,co,95,0.5,11.4,5.9,54.71
25-02-2019,IN,Kolkata,temperature,120,15.6,24.5,20.6,65.01
25-02-2019,IN,Kolkata,so2,95,0.9,18.4,4.7,207.36
25-02-2019,IN,Kolkata,pm25,117,92,204,156,6199.29
25-02-2019,IN,Kolkata,no2,94,8.5,70,25.8,1954.67
25-02-2019,IN,Kolkata,wind-speed,96,0.1,6.8,0.9,11.55
25-02-2019,IN,Kolkata,dew,94,15,20,17,24.22
25-02-2019,IN,Kolkata,humidity,120,46.4,100,82.5,1557.06
26-02-2019,IN,Kolkata,pm10,91,26,99,60,2264.46
26-02-2019,IN,Kolkata,o3,93,1.6,17.9,8.5,118.74
26-02-2019,IN,Kolkata,pressure,120,1008,1013,1010,15.88
26-02-2019,IN,Kolkata,co,93,1.3,16.6,5.6,53.08
26-02-2019,IN,Kolkata,temperature,117,18.3,24.1,20.2,17.25
26-02-2019,IN,Kolkata,so2,93,0.7,18.7,2.7,138.71
26-02-2019,IN,Kolkata,pm25,116,74,169,117,7865.75
26-02-2019,IN,Kolkata,no2,93,9.6,40.4,20.1,483.58
26-02-2019,IN,Kolkata,wind-speed,93,0.1,4.5,1,13.54
26-02-2019,IN,Kolkata,dew,78,18,20,19,5.08
26-02-2019,IN,Kolkata,humidity,117,72.7,100,91.1,403.61
27-02-2019,IN,Kolkata,pm10,95,14,69,37,1855.02
27-02-2019,IN,Kolkata,o3,95,2.9,16.2,10.4,108.34
27-02-2019,IN,Kolkata,pressure,120,1006.5,1012,1009,22.55
27-02-2019,IN,Kolkata,co,96,2.1,9.6,4.3,25.71
27-02-2019,IN,Kolkata,temperature,120,15.8,27.1,19.7,88.86
27-02-2019,IN,Kolkata,so2,95,0.3,13.6,1.8,103.66
27-02-2019,IN,Kolkata,pm25,120,25,152,74,5375.34
27-02-2019,IN,Kolkata,no2,96,6.6,51.5,17.3,802.78
27-02-2019,IN,Kolkata,wind-speed,96,0.1,5.5,1.2,16.81
27-02-2019,IN,Kolkata,dew,82,16,22,18,26.96
27-02-2019,IN,Kolkata,humidity,120,62.4,98.7,91.6,1324.29
28-02-2019,IN,Kolkata,pm10,95,7,99,43,5143.23
28-02-2019,IN,Kolkata,o3,96,1.1,16.9,10.1,161.86
28-02-2019,IN,Kolkata,pressure,120,1009,1013,1011,18.85
28-02-2019,IN,Kolkata,co,96,1.5,18.4,4.9,162.74
28-02-2019,IN,Kolkata,temperature,120,17.3,23.2,19.8,26.1
28-02-2019,IN,Kolkata,so2,96,0.4,35.4,2.8,389.48
28-02-2019,IN,Kolkata,pm25,119,9,184,90,16458.2
28-02-2019,IN,Kolkata,no2,95,7.3,53.1,19,1379.5
28-02-2019,IN,Kolkata,wind-speed,96,0,5.9,0.7,25.64
28-02-2019,IN,Kolkata,dew,86,17,21.5,18.5,15.81
28-02-2019,IN,Kolkata,humidity,120,65.8,100,88,861.94
01-03-2019,IN,Kolkata,pm10,96,38,153,73,5011.7
01-03-2019,IN,Kolkata,o3,96,1.1,37.7,9,1332.26
01-03-2019,IN,Kolkata,pressure,120,1012,1017,1014,22.81
01-03-2019,IN,Kolkata,co,96,0.1,29.4,4.3,369.29
01-03-2019,IN,Kolkata,temperature,120,16.1,25.5,19.1,87.36
01-03-2019,IN,Kolkata,so2,96,0.9,53.2,4.8,822.15
01-03-2019,IN,Kolkata,pm25,120,87,190,147,8405.2
01-03-2019,IN,Kolkata,no2,95,7.9,84.6,20.3,3235.03
01-03-2019,IN,Kolkata,wind-speed,96,0,5.1,0.8,23.51
01-03-2019,IN,Kolkata,dew,86,12,16,13,23.9
01-03-2019,IN,Kolkata,humidity,120,34.8,98.7,57,4900.9
02-03-2019,IN,Kolkata,pm10,95,39,228,90,13894.8
02-03-2019,IN,Kolkata,o3,96,1.3,48.4,8.2,1862.91
02-03-2019,IN,Kolkata,pressure,120,1012,1017,1013,24.8
02-03-2019,IN,Kolkata,co,94,0.1,34.3,5.9,729.19
02-03-2019,IN,Kolkata,temperature,120,14.1,27.1,19.6,153.12
02-03-2019,IN,Kolkata,so2,96,1.3,28.6,4.7,324.28
02-03-2019,IN,Kolkata,pm25,118,6,239,162,11968.1
02-03-2019,IN,Kolkata,no2,94,7,94.9,23.6,4205.19
02-03-2019,IN,Kolkata,wind-speed,96,0,4.6,0.5,18.13
02-03-2019,IN,Kolkata,dew,94,9,14.5,12,20
02-03-2019,IN,Kolkata,humidity,120,26.5,98,56.5,4763.86
03-03-2019,IN,Kolkata,pm10,96,83,263,131,15028.4
03-03-2019,IN,Kolkata,o3,96,1.1,49.7,5.5,2111.44
03-03-2019,IN,Kolkata,pressure,120,1008,1014,1011,35.28
03-03-2019,IN,Kolkata,co,95,0.5,40.6,10.8,920.78
03-03-2019,IN,Kolkata,temperature,120,15,28.1,22.6,164.4
03-03-2019,IN,Kolkata,so2,96,1.9,63,7.7,1517.98
03-03-2019,IN,Kolkata,pm25,120,141,273,182,7442.26
03-03-2019,IN,Kolkata,no2,96,5.1,102,32.4,7440.31
03-03-2019,IN,Kolkata,wind-speed,96,0,4,0.3,12.96
03-03-2019,IN,Kolkata,dew,96,11,17,14,34.04
03-03-2019,IN,Kolkata,humidity,120,32.3,98.1,60,3676.69
04-03-2019,IN,Kolkata,pm10,96,23,189,103,8658.28
04-03-2019,IN,Kolkata,o3,95,1.8,22.1,9.2,235.84
04-03-2019,IN,Kolkata,pressure,120,1005,1011,1008,30.43
04-03-2019,IN,Kolkata,co,94,3.2,25.8,7.1,100.61
04-03-2019,IN,Kolkata,temperature,120,19.9,28.1,23.4,58.02
04-03-2019,IN,Kolkata,so2,96,1.2,31.9,5.2,253.1
04-03-2019,IN,Kolkata,pm25,120,43,303,167,11371.9
04-03-2019,IN,Kolkata,no2,95,8.3,101.1,25.1,2109.3
04-03-2019,IN,Kolkata,wind-speed,96,0,4,0.7,10.91
04-03-2019,IN,Kolkata,dew,94,17.5,24,21,33.81
04-03-2019,IN,Kolkata,humidity,120,61.5,98.1,82.8,900.18
05-03-2019,IN,Kolkata,pm10,96,21,256,70,13279.4
05-03-2019,IN,Kolkata,o3,96,1.5,27.5,9.1,404.22
05-03-2019,IN,Kolkata,pressure,120,1004,1012.5,1006.5,33.36
05-03-2019,IN,Kolkata,co,96,2.6,14.7,7.1,95.49
05-03-2019,IN,Kolkata,temperature,120,20.1,28.1,24,49.4
05-03-2019,IN,Kolkata,so2,96,0.5,15.9,3.5,151.9
05-03-2019,IN,Kolkata,pm25,120,54,197,142,14281.8
05-03-2019,IN,Kolkata,no2,96,6.4,58.6,17.8,1340.86
05-03-2019,IN,Kolkata,wind-speed,96,0.1,3.1,0.6,4.63
05-03-2019,IN,Kolkata,dew,86,19.5,23,21,11.12
05-03-2019,IN,Kolkata,humidity,120,52.9,100,82.5,1826.75
06-03-2019,IN,Kolkata,pm10,95,23,135,85,4196.95
06-03-2019,IN,Kolkata,o3,95,1.2,46,8.3,1064.49
06-03-2019,IN,Kolkata,pressure,120,1006,1011,1008,16.5
06-03-2019,IN,Kolkata,co,94,1.6,23.5,6.3,182.08
06-03-2019,IN,Kolkata,temperature,118,19.5,29.1,23.2,68.61
06-03-2019,IN,Kolkata,so2,95,1,20.5,5.4,232.7
06-03-2019,IN,Kolkata,pm25,119,54,206,159,5276.08
06-03-2019,IN,Kolkata,no2,95,1.5,63.2,20,1422.49
06-03-2019,IN,Kolkata,wind-speed,94,0,4,0.6,13.11
06-03-2019,IN,Kolkata,dew,96,18,21.5,20,6.4
06-03-2019,IN,Kolkata,humidity,118,41.6,100,78,3380.18
07-03-2019,IN,Kolkata,pm10,96,65,238,100,9049.47
07-03-2019,IN,Kolkata,o3,96,1.1,43.3,10.4,1433.93
07-03-2019,IN,Kolkata,pressure,120,1008.5,1013,1010.5,17.85
07-03-2019,IN,Kolkata,co,96,1.1,26.7,6,339.89
07-03-2019,IN,Kolkata,temperature,120,20.1,28.1,22.3,52.19
07-03-2019,IN,Kolkata,so2,96,1.4,30.9,7.5,523.76
07-03-2019,IN,Kolkata,pm25,120,113,253,164,6355.83
07-03-2019,IN,Kolkata,no2,95,9.8,73.5,28.2,2259.48
07-03-2019,IN,Kolkata,wind-speed,96,0,4.2,0.9,15.77
07-03-2019,IN,Kolkata,dew,86,13,20,15,58.73
07-03-2019,IN,Kolkata,humidity,120,31.4,98.8,53,4051.77
08-03-2019,IN,Kolkata,pm10,86,58,183,106,7395.97
08-03-2019,IN,Kolkata,o3,84,1,45.3,5.6,1350.93
08-03-2019,IN,Kolkata,pressure,120,1010,1015,1011.5,22.69
08-03-2019,IN,Kolkata,co,86,1.5,22.2,6.4,205.86
08-03-2019,IN,Kolkata,temperature,109,17.9,30.1,23.5,137.74
08-03-2019,IN,Kolkata,so2,85,2.3,47.6,6.1,861.33
08-03-2019,IN,Kolkata,pm25,110,93,209,163,4663.75
08-03-2019,IN,Kolkata,no2,85,8.3,105.2,34.7,5713.94
08-03-2019,IN,Kolkata,wind-speed,85,0,3.8,0.6,14.63
08-03-2019,IN,Kolkata,dew,96,10.5,16.5,14,32.19
08-03-2019,IN,Kolkata,humidity,109,21.6,89,50,3958.72
09-03-2019,IN,Kolkata,pm10,72,59,417,109,29108.4
09-03-2019,IN,Kolkata,o3,72,1.1,40.2,8.8,1065.4
09-03-2019,IN,Kolkata,pressure,120,1010,1014.5,1011,18.82
09-03-2019,IN,Kolkata,co,72,0.9,21.3,7.7,149.15
09-03-2019,IN,Kolkata,temperature,96,19,31.6,24.8,152.62
09-03-2019,IN,Kolkata,so2,72,1.9,60.5,8.3,1693.68
09-03-2019,IN,Kolkata,pm25,96,97,205,167,5118.73
09-03-2019,IN,Kolkata,no2,72,9,102.1,28.5,5381.64
09-03-2019,IN,Kolkata,wind-speed,72,0,2.8,0.5,9.22
09-03-2019,IN,Kolkata,dew,86,10,17,14.5,65.1
09-03-2019,IN,Kolkata,humidity,96,17.1,89.2,44.2,4713.17
10-03-2019,IN,Kolkata,pm10,95,45,132,78,3820.15
10-03-2019,IN,Kolkata,o3,95,1.3,17.9,7.4,116.32
10-03-2019,IN,Kolkata,pressure,120,1009.5,1014,1011,19.89
10-03-2019,IN,Kolkata,co,95,2.3,10.1,4.7,44.95
10-03-2019,IN,Kolkata,temperature,120,20.1,31.1,25.2,70.39
10-03-2019,IN,Kolkata,so2,95,0.8,21.5,4.7,155
10-03-2019,IN,Kolkata,pm25,119,76,187,149,7144.92
10-03-2019,IN,Kolkata,no2,95,6.8,99.3,14.4,1421.45
10-03-2019,IN,Kolkata,wind-speed,96,0.1,3.3,1.2,4.7
10-03-2019,IN,Kolkata,dew,88,16.5,24,23,47.75
10-03-2019,IN,Kolkata,humidity,120,55.4,98,78,1338.32
11-03-2019,IN,Kolkata,pm10,95,39,166,71,10751.8
11-03-2019,IN,Kolkata,o3,96,0.9,29.6,4.5,669.97
11-03-2019,IN,Kolkata,pressure,120,1010,1015,1012,16.86
11-03-2019,IN,Kolkata,co,96,1.8,17.5,5.6,121.89
11-03-2019,IN,Kolkata,temperature,120,23.4,32.4,27,71.06
11-03-2019,IN,Kolkata,so2,96,0.6,32.2,3.5,403.03
11-03-2019,IN,Kolkata,pm25,119,63,206,135,13998.4
11-03-2019,IN,Kolkata,no2,94,7.6,73.2,16.5,1982.28
11-03-2019,IN,Kolkata,wind-speed,96,0,3,0.4,5.44
11-03-2019,IN,Kolkata,dew,70,23,24,23.5,2.24
11-03-2019,IN,Kolkata,humidity,120,43.7,98,75.1,2249.75
12-03-2019,IN,Kolkata,pm10,94,63,161,93,4536.66
12-03-2019,IN,Kolkata,o3,96,1.3,36.1,9.5,1071.53
12-03-2019,IN,Kolkata,pressure,120,1009,1015,1011.5,25.57
12-03-2019,IN,Kolkata,co,96,2.2,10.6,5.7,47.89
12-03-2019,IN,Kolkata,temperature,120,22.7,35.1,27.4,117.2
12-03-2019,IN,Kolkata,so2,95,2,41.9,10.4,730.34
12-03-2019,IN,Kolkata,pm25,117,134,196,163,1362.43
12-03-2019,IN,Kolkata,no2,95,7.3,51.9,22.2,1216.27
12-03-2019,IN,Kolkata,wind-speed,96,0.1,3.2,0.7,4.99
12-03-2019,IN,Kolkata,dew,94,18.6,24.5,23,29.69
12-03-2019,IN,Kolkata,humidity,120,35.1,98,74.1,3972.61
13-03-2019,IN,Kolkata,pm10,95,43,137,81,5382.14
13-03-2019,IN,Kolkata,o3,96,2.6,34.8,7.5,875.71
13-03-2019,IN,Kolkata,pressure,120,1010,1014,1012,16.9
13-03-2019,IN,Kolkata,co,96,1.3,15.4,5.8,128.04
13-03-2019,IN,Kolkata,temperature,120,23.7,35.1,28.1,105.74
13-03-2019,IN,Kolkata,so2,96,1.3,33.9,7.2,423.77
13-03-2019,IN,Kolkata,pm25,118,82,194,153,8294.1
13-03-2019,IN,Kolkata,no2,95,6.5,83.6,15.8,1764.99
13-03-2019,IN,Kolkata,wind-speed,96,0,3.2,0.7,7.23
13-03-2019,IN,Kolkata,dew,86,21,26,24,17.29
13-03-2019,IN,Kolkata,humidity,120,36.6,98,74.2,3478.25
14-03-2019,IN,Kolkata,pm10,92,67,148,91,4971.71
14-03-2019,IN,Kolkata,o3,96,3.4,54.9,12.3,2234.11
14-03-2019,IN,Kolkata,pressure,120,1010,1016,1012.5,33.84
14-03-2019,IN,Kolkata,wind-gust,4,12.8,12.8,12.8,0
14-03-2019,IN,Kolkata,co,96,2.6,12.2,6.3,56.18
14-03-2019,IN,Kolkata,temperature,120,22.1,35.1,28.6,119.78
14-03-2019,IN,Kolkata,so2,96,0.7,26.5,8.3,416.34
14-03-2019,IN,Kolkata,pm25,119,63,197,168,1986.38
14-03-2019,IN,Kolkata,no2,96,6.8,69.5,19.1,1617.19
14-03-2019,IN,Kolkata,wind-speed,96,0,4,0.6,4.63
14-03-2019,IN,Kolkata,dew,86,17,25,21,82.48
14-03-2019,IN,Kolkata,humidity,120,22.4,98,63.5,6885.81
15-03-2019,IN,Kolkata,pm10,94,57,316,83,17148.9
15-03-2019,IN,Kolkata,o3,94,1.8,38.9,11.9,946.91
15-03-2019,IN,Kolkata,pressure,120,1010,1016,1014,23.9
15-03-2019,IN,Kolkata,co,94,2.6,24.5,6.9,175.8
15-03-2019,IN,Kolkata,temperature,117,22.1,33.2,25,137.98
15-03-2019,IN,Kolkata,so2,92,1.1,61.3,6.3,1494.69
15-03-2019,IN,Kolkata,pm25,118,119,220,163,2049.7
15-03-2019,IN,Kolkata,no2,93,8.6,85.9,27.7,3029.8
15-03-2019,IN,Kolkata,wind-speed,93,0.1,4.2,0.4,4.13
15-03-2019,IN,Kolkata,dew,96,18,24,21,17.29
15-03-2019,IN,Kolkata,humidity,117,31.1,100,70.1,3391.36
16-03-2019,IN,Kolkata,pm10,80,44,138,66,4604.18
16-03-2019,IN,Kolkata,o3,81,1.5,37.3,12.5,854.33
16-03-2019,IN,Kolkata,pressure,120,1011,1016.5,1012,30.95
16-03-2019,IN,Kolkata,co,81,1.8,25.8,5.8,133.49
16-03-2019,IN,Kolkata,temperature,106,20.1,33.6,26.2,110.73
16-03-2019,IN,Kolkata,so2,81,1.7,47.6,7,757.77
16-03-2019,IN,Kolkata,pm25,104,80,175,135,5405.65
16-03-2019,IN,Kolkata,no2,81,6.6,103.2,25.4,4187.29
16-03-2019,IN,Kolkata,wind-speed,85,0.1,2.5,0.6,4.03
16-03-2019,IN,Kolkata,dew,96,17,20.5,19,7.94
16-03-2019,IN,Kolkata,humidity,106,33.4,99,61.7,2186.15
17-03-2019,IN,Kolkata,pm10,96,48,135,84,4236.4
17-03-2019,IN,Kolkata,o3,96,1.2,43.7,17.2,1055.21
17-03-2019,IN,Kolkata,pressure,120,1010,1017,1012.5,40.63
17-03-2019,IN,Kolkata,wind-gust,4,14.4,14.4,14.4,0
17-03-2019,IN,Kolkata,co,96,1.8,11.4,5.7,57.08
17-03-2019,IN,Kolkata,temperature,120,18.7,34.1,25.8,196.21
17-03-2019,IN,Kolkata,so2,96,0.7,32.9,5.9,347.77
17-03-2019,IN,Kolkata,pm25,120,98,189,156,3781.88
17-03-2019,IN,Kolkata,no2,96,8,74.8,18.5,943.23
17-03-2019,IN,Kolkata,wind-speed,96,0.1,3.6,0.6,5.88
17-03-2019,IN,Kolkata,dew,84,18.5,23.5,21.5,22.63
17-03-2019,IN,Kolkata,humidity,120,42.9,98.1,69.8,2510.85
18-03-2019,IN,Kolkata,pm10,93,31,334,58,20902.5
18-03-2019,IN,Kolkata,o3,96,1.9,33,9.8,649.09
18-03-2019,IN,Kolkata,pressure,120,1009,1016,1012,37.67
18-03-2019,IN,Kolkata,co,96,1.9,12.4,5.7,59.86
18-03-2019,IN,Kolkata,temperature,120,19.3,31.1,23.9,122.42
18-03-2019,IN,Kolkata,so2,96,0.6,54.2,5.9,874.96
18-03-2019,IN,Kolkata,pm25,117,65,176,119,7878.49
18-03-2019,IN,Kolkata,no2,96,6.9,101,25.8,4030.71
18-03-2019,IN,Kolkata,wind-speed,96,0.1,3.1,0.6,5.12
18-03-2019,IN,Kolkata,dew,84,18,21,19,6.78
18-03-2019,IN,Kolkata,humidity,120,34.4,94,69.8,2822.39
19-03-2019,IN,Kolkata,pm10,96,46,122,65,3559.1
19-03-2019,IN,Kolkata,o3,96,6,40.2,12.5,947.7
19-03-2019,IN,Kolkata,pressure,120,1007,1012,1009.5,21.43
19-03-2019,IN,Kolkata,co,96,2.2,10,6,35.98
19-03-2019,IN,Kolkata,temperature,120,22,32.1,25.9,96.18
19-03-2019,IN,Kolkata,so2,96,1.4,43.4,8.8,829.45
19-03-2019,IN,Kolkata,pm25,120,82,176,151,5330.22
19-03-2019,IN,Kolkata,no2,96,5.9,82.6,19.6,2008.19
19-03-2019,IN,Kolkata,wind-speed,96,0.2,3,0.8,5.5
19-03-2019,IN,Kolkata,dew,96,19.5,22,20.5,6.16
19-03-2019,IN,Kolkata,humidity,120,39.5,97.9,68.7,2953.75
20-03-2019,IN,Kolkata,pm10,96,42,151,74,4819.6
20-03-2019,IN,Kolkata,o3,96,1.3,31.2,8.5,819.3
20-03-2019,IN,Kolkata,pressure,120,1008,1012,1009,17.1
20-03-2019,IN,Kolkata,co,96,2.1,22.4,6.3,92.93
20-03-2019,IN,Kolkata,temperature,120,22.8,33.1,26.5,86.45
20-03-2019,IN,Kolkata,so2,95,1,44.4,7.4,642.99
20-03-2019,IN,Kolkata,pm25,120,71,193,153,5154.39
20-03-2019,IN,Kolkata,no2,96,7.6,101,20.4,2741.72
20-03-2019,IN,Kolkata,wind-speed,96,0,2.8,0.6,4.85
20-03-2019,IN,Kolkata,dew,94,21,25,23,12.14
20-03-2019,IN,Kolkata,humidity,120,42.6,99,75.6,2997.32
21-03-2019,IN,Kolkata,pm10,96,47,145,65,2623.93
21-03-2019,IN,Kolkata,o3,96,4.3,43.4,14.1,1205.28
21-03-2019,IN,Kolkata,pressure,120,1008,1013,1010,19.73
21-03-2019,IN,Kolkata,co,96,2.4,9.3,4.9,25.7
21-03-2019,IN,Kolkata,temperature,120,23.1,35.1,27.2,129.34
21-03-2019,IN,Kolkata,so2,96,1.3,13.6,5.3,101.93
21-03-2019,IN,Kolkata,pm25,120,87,193,142,6112.73
21-03-2019,IN,Kolkata,no2,96,5.4,49.2,10,483.3
21-03-2019,IN,Kolkata,wind-speed,96,0.2,2.9,0.8,3.9
21-03-2019,IN,Kolkata,dew,74,21,23.5,22,7.06
21-03-2019,IN,Kolkata,humidity,120,27.2,99,69,4271.81
22-03-2019,IN,Kolkata,pm10,90,38,102,59,1451.29
22-03-2019,IN,Kolkata,o3,90,5,34.9,9.6,644.7
22-03-2019,IN,Kolkata,pressure,114,1006.5,1012,1010,22.01
22-03-2019,IN,Kolkata,co,90,2.2,32.8,4.7,106.52
22-03-2019,IN,Kolkata,temperature,113,21.4,35.1,25.7,138.46
22-03-2019,IN,Kolkata,so2,89,1,23.1,4.1,207.65
22-03-2019,IN,Kolkata,pm25,114,78,164,124,5539.75
22-03-2019,IN,Kolkata,no2,88,5.5,49,11.9,875.79
22-03-2019,IN,Kolkata,wind-speed,89,0.3,3.7,0.9,4.85
22-03-2019,IN,Kolkata,dew,87,21,25.5,24,25.35
22-03-2019,IN,Kolkata,humidity,113,43.5,97.7,80.1,2525.61
23-03-2019,IN,Kolkata,pm10,72,55,164,84,5356.74
23-03-2019,IN,Kolkata,o3,72,1.1,44.1,6.5,1797.59
23-03-2019,IN,Kolkata,pressure,96,1007.5,1012,1009.5,18.37
23-03-2019,IN,Kolkata,co,72,2.1,21.4,7.3,191.94
23-03-2019,IN,Kolkata,temperature,96,22.2,35.1,26.8,149.98
23-03-2019,IN,Kolkata,so2,72,0.4,54,6.3,1162.59
23-03-2019,IN,Kolkata,pm25,96,82,200,152,4789.47
23-03-2019,IN,Kolkata,no2,72,5.1,107.9,23.6,8258.33
23-03-2019,IN,Kolkata,wind-speed,72,0,3.8,0.4,7.47
23-03-2019,IN,Kolkata,dew,67,12,22,17,120.55
23-03-2019,IN,Kolkata,humidity,96,18.6,98.8,48.2,6737.76
24-03-2019,IN,Kolkata,pm10,72,57,174,101,8855.18
24-03-2019,IN,Kolkata,o3,72,1.4,43.7,10,1717.01
24-03-2019,IN,Kolkata,pressure,96,1008,1013,1010,19.72
24-03-2019,IN,Kolkata,co,72,1.6,21.9,6.9,295.84
24-03-2019,IN,Kolkata,temperature,96,20.5,34.1,25.9,161.41
24-03-2019,IN,Kolkata,so2,71,2.6,58.6,8,1784.13
24-03-2019,IN,Kolkata,pm25,96,72,211,159,8662.83
24-03-2019,IN,Kolkata,no2,72,12.1,103.6,32.9,6635.77
24-03-2019,IN,Kolkata,wind-speed,72,0,2.6,0.4,6.35
24-03-2019,IN,Kolkata,dew,70,7,18,12.5,154.67
24-03-2019,IN,Kolkata,humidity,96,10.9,82.7,34.8,4387.21
25-03-2019,IN,Kolkata,pm10,71,64,784,114,88770.7
25-03-2019,IN,Kolkata,o3,71,1.2,52.7,8.2,1820.27
25-03-2019,IN,Kolkata,pressure,96,1008,1012,1010,18.3
25-03-2019,IN,Kolkata,co,72,2.4,20.6,8.7,251.38
25-03-2019,IN,Kolkata,temperature,96,19.9,36.1,27.6,225.16
25-03-2019,IN,Kolkata,so2,72,2,38.8,8.4,794.9
25-03-2019,IN,Kolkata,pm25,94,119,225,165,2778.25
25-03-2019,IN,Kolkata,no2,70,12.2,105,38.4,8174.09
25-03-2019,IN,Kolkata,wind-speed,72,0,2.1,0.5,2.77
25-03-2019,IN,Kolkata,dew,73,12,21,17,63.91
25-03-2019,IN,Kolkata,humidity,96,16.7,88.4,42.5,4013.79
26-03-2019,IN,Kolkata,pm10,72,68,192,110,6847.69
26-03-2019,IN,Kolkata,o3,72,1.4,39.2,13.1,595.79
26-03-2019,IN,Kolkata,pressure,119,1009,1013.5,1011,16.27
26-03-2019,IN,Kolkata,co,72,1.5,11.4,5.2,58.5
26-03-2019,IN,Kolkata,temperature,119,23,35.1,26.1,116.1
26-03-2019,IN,Kolkata,so2,72,1.4,26.2,4.5,248.4
26-03-2019,IN,Kolkata,pm25,96,85,217,157,5453.89
26-03-2019,IN,Kolkata,no2,72,8.4,100.9,18.1,1601.15
26-03-2019,IN,Kolkata,wind-speed,72,0.3,3,1.2,4.96
26-03-2019,IN,Kolkata,dew,94,14,22.5,21.5,101.19
26-03-2019,IN,Kolkata,humidity,96,33.4,94.5,52,3699.39
27-03-2019,IN,Kolkata,pm10,72,67,140,91,2742.82
27-03-2019,IN,Kolkata,o3,71,2.8,46.1,13.9,1189.12
27-03-2019,IN,Kolkata,pressure,120,1010,1015,1013,19.78
27-03-2019,IN,Kolkata,co,71,1.8,9.5,5.9,35.67
27-03-2019,IN,Kolkata,temperature,120,21,33.1,27,116.98
27-03-2019,IN,Kolkata,so2,72,1.8,41.1,13,854.9
27-03-2019,IN,Kolkata,pm25,96,93,180,151,4506.73
27-03-2019,IN,Kolkata,no2,71,12.6,83.9,25.2,2552.53
27-03-2019,IN,Kolkata,wind-speed,72,0.1,2.9,0.7,4.47
27-03-2019,IN,Kolkata,dew,84,16,21,18,27.69
27-03-2019,IN,Kolkata,humidity,96,34.5,73,53,992.41
28-03-2019,IN,Kolkata,pm10,72,55,131,80,3315.18
28-03-2019,IN,Kolkata,o3,84,1.5,29.1,12.8,444.01
28-03-2019,IN,Kolkata,pressure,120,1008,1014,1012,35.29
28-03-2019,IN,Kolkata,co,77,2.9,9.6,5.4,36.89
28-03-2019,IN,Kolkata,temperature,120,23.3,33.1,28.1,89.7
28-03-2019,IN,Kolkata,so2,84,0.7,21.3,4,206.86
28-03-2019,IN,Kolkata,pm25,108,84,183,140,6105.61
28-03-2019,IN,Kolkata,no2,84,5.5,64.1,16.1,1287.93
28-03-2019,IN,Kolkata,wind-speed,85,0,2.3,1.1,3.5
28-03-2019,IN,Kolkata,dew,92,20,24,23,17.64
28-03-2019,IN,Kolkata,humidity,109,41.2,92.5,66.4,1485.01
29-03-2019,IN,Kolkata,pm10,73,47,114,74,2443.24
29-03-2019,IN,Kolkata,o3,96,2.6,21.6,7.5,317.96
29-03-2019,IN,Kolkata,pressure,120,1006,1012,1008.5,28.59
29-03-2019,IN,Kolkata,co,96,1.9,8.3,4.2,20.55
29-03-2019,IN,Kolkata,temperature,120,23.9,34.1,27.7,77.06
29-03-2019,IN,Kolkata,so2,96,0.5,23.9,3.2,298.24
29-03-2019,IN,Kolkata,pm25,97,88,179,120,5763.79
29-03-2019,IN,Kolkata,no2,96,7.2,44.3,13.8,370.28
29-03-2019,IN,Kolkata,wind-speed,96,0.5,2.8,1.6,3.42
29-03-2019,IN,Kolkata,dew,90,22,26,24,13.78
29-03-2019,IN,Kolkata,humidity,120,45,99,75.7,2488.78
30-03-2019,IN,Kolkata,pm10,70,44,122,72,5366.82
30-03-2019,IN,Kolkata,o3,95,2.7,34.1,7.4,677.02
30-03-2019,IN,Kolkata,pressure,120,1005,1009.5,1007,19.18
30-03-2019,IN,Kolkata,co,95,1.9,13.4,5.3,39.68
30-03-2019,IN,Kolkata,temperature,120,24.5,34.1,27.9,76.46
30-03-2019,IN,Kolkata,so2,95,0.4,30.1,2.6,271.96
30-03-2019,IN,Kolkata,pm25,116,76,187,143,10751.8
30-03-2019,IN,Kolkata,no2,93,5.9,29.1,12.7,343.6
30-03-2019,IN,Kolkata,wind-speed,95,0.2,2.6,1.2,2.78
30-03-2019,IN,Kolkata,dew,90,23,26,24.5,7.71
30-03-2019,IN,Kolkata,humidity,119,44,95,80.1,2195.13
31-03-2019,IN,Kolkata,pm10,70,48,92,71,1913.3
31-03-2019,IN,Kolkata,o3,92,3.1,23,8,212.04
31-03-2019,IN,Kolkata,pressure,115,1003,1009,1007,29.35
31-03-2019,IN,Kolkata,co,92,2.4,10.9,4.9,28.66
31-03-2019,IN,Kolkata,temperature,115,25.2,34.1,28.4,61.64
31-03-2019,IN,Kolkata,so2,92,0.2,28.7,1,320.67
31-03-2019,IN,Kolkata,pm25,93,86,172,125,4574.64
31-03-2019,IN,Kolkata,no2,92,5.4,25.1,8.7,173.94
31-03-2019,IN,Kolkata,wind-speed,92,0.1,2.7,1.6,3.69
31-03-2019,IN,Kolkata,dew,70,25.5,27,26,2.36
31-03-2019,IN,Kolkata,humidity,115,55.5,96.7,79.5,1246.9
