Date,Country,City,Specie,Count,Min,Max,Medain,Varience
01-01-2020,IN,Kolkata,no2,168,9,71.1,32.2,1871.14
01-01-2020,IN,Kolkata,pm25,192,154,999,198,165145
01-01-2020,IN,Kolkata,co,168,2.1,65.9,12,1833.01
01-01-2020,IN,Kolkata,pm10,168,92,999,153,205881
01-01-2020,IN,Kolkata,o3,168,0.6,50.4,5.1,1705.21
01-01-2020,IN,Kolkata,so2,166,1.1,63,6.1,1313.82
02-01-2020,IN,Kolkata,no2,180,7.3,82.8,25.8,1492.56
02-01-2020,IN,Kolkata,pm25,203,82,326,187,13444
02-01-2020,IN,Kolkata,co,180,2.1,78.1,9.5,1816.65
02-01-2020,IN,Kolkata,pm10,179,61,999,142,103547
02-01-2020,IN,Kolkata,o3,180,0.5,56.1,4.8,1830.49
02-01-2020,IN,Kolkata,so2,180,2,53.7,7.5,688.84
03-01-2020,IN,Kolkata,temperature,111,16,17.9,16,1.82
03-01-2020,IN,Kolkata,wind speed,110,0,3.7,0.4,6.99
03-01-2020,IN,Kolkata,no2,191,0.6,52.1,17.7,455.01
03-01-2020,IN,Kolkata,dew,52,15,16,15,1.46
03-01-2020,IN,Kolkata,pm25,215,2,281,106,23151.6
03-01-2020,IN,Kolkata,pressure,107,1011.1,1017.5,1013.5,25.24
03-01-2020,IN,Kolkata,co,188,0.5,60.2,4.6,996.84
03-01-2020,IN,Kolkata,pm10,191,1,265,54,17335.5
03-01-2020,IN,Kolkata,o3,191,0.8,103.8,5,1112.41
03-01-2020,IN,Kolkata,so2,189,1.5,54.6,4,339.16
03-01-2020,IN,Kolkata,humidity,115,79,99.1,98.4,146.22
03-01-2020,IN,Kolkata,wind-speed,110,0,3.7,0.4,6.99
04-01-2020,IN,Kolkata,temperature,216,12.1,19.1,16.1,15.26
04-01-2020,IN,Kolkata,wind speed,203,0,2.9,0.2,5.17
04-01-2020,IN,Kolkata,no2,192,0.3,74.7,19.8,1047.52
04-01-2020,IN,Kolkata,dew,153,14,17,15,13.7
04-01-2020,IN,Kolkata,pm25,216,10,433,134,33814.3
04-01-2020,IN,Kolkata,pressure,215,1009.5,1017.5,1012.1,29.9
04-01-2020,IN,Kolkata,co,192,2.8,60.2,6.5,1787.23
04-01-2020,IN,Kolkata,pm10,191,13,999,67,140395
04-01-2020,IN,Kolkata,o3,192,0.5,31.2,3.1,188.63
04-01-2020,IN,Kolkata,so2,192,1.6,60.2,4.4,476.28
04-01-2020,IN,Kolkata,humidity,216,77.5,99.5,97.5,346.17
04-01-2020,IN,Kolkata,wind-speed,203,0,2.9,0.2,5.17
05-01-2020,IN,Kolkata,temperature,216,13.7,20.2,15.7,32.5
05-01-2020,IN,Kolkata,wind speed,204,0,4.3,0.3,11.22
05-01-2020,IN,Kolkata,no2,192,0.2,76.2,20.8,1173.93
05-01-2020,IN,Kolkata,dew,153,13,17,15,22.2
05-01-2020,IN,Kolkata,pm25,216,150,999,167,53688.2
05-01-2020,IN,Kolkata,pressure,216,1009.2,1017.5,1012.7,38.71
05-01-2020,IN,Kolkata,co,192,1.9,80.2,8.2,2154.17
05-01-2020,IN,Kolkata,pm10,192,68,999,102,113194
05-01-2020,IN,Kolkata,o3,192,0.4,35.8,2.5,212.15
05-01-2020,IN,Kolkata,so2,192,1.4,56.3,4.6,583.37
05-01-2020,IN,Kolkata,humidity,216,77.9,100,96.5,417.04
05-01-2020,IN,Kolkata,wind-speed,204,0,4.3,0.3,11.22
06-01-2020,IN,Kolkata,temperature,216,10,22.3,15.2,114.65
06-01-2020,IN,Kolkata,wind speed,210,0,4.1,0.3,12.72
06-01-2020,IN,Kolkata,no2,192,0.2,66.6,24.7,1538.25
06-01-2020,IN,Kolkata,dew,181,10,14,12,11.53
06-01-2020,IN,Kolkata,pm25,214,5,827,177,40710
06-01-2020,IN,Kolkata,pressure,215,1012.7,1021,1015.4,29.68
06-01-2020,IN,Kolkata,co,191,0.1,70.5,10.5,1291.81
06-01-2020,IN,Kolkata,pm10,192,3,999,120,128369
06-01-2020,IN,Kolkata,o3,192,0.5,62.2,4.4,1606.62
06-01-2020,IN,Kolkata,so2,192,1.9,61.9,4.7,363.73
06-01-2020,IN,Kolkata,humidity,216,44.5,100,83.3,3614.39
07-01-2020,IN,Kolkata,temperature,216,11,20.9,15.3,98.61
07-01-2020,IN,Kolkata,wind speed,208,0,5.1,0.4,14.37
07-01-2020,IN,Kolkata,no2,192,5.7,60.6,21.6,1043.88
07-01-2020,IN,Kolkata,dew,195,10,14,12,17.98
07-01-2020,IN,Kolkata,pm25,214,136,424,182,16031.1
07-01-2020,IN,Kolkata,pressure,216,1009.8,1018,1013.8,33.6
07-01-2020,IN,Kolkata,co,192,2,65.8,7.5,1169.73
07-01-2020,IN,Kolkata,pm10,190,87,649,128,89423.6
07-01-2020,IN,Kolkata,o3,192,0.4,47.5,6,1552.01
07-01-2020,IN,Kolkata,so2,192,0.1,51.2,5.9,749.84
07-01-2020,IN,Kolkata,humidity,216,54.3,99.1,85.4,2036.37
08-01-2020,IN,Kolkata,temperature,211,10,23.5,17.5,188.83
08-01-2020,IN,Kolkata,wind speed,202,0,4.1,0.4,9.48
08-01-2020,IN,Kolkata,no2,187,3.7,47.6,22.7,1113.12
08-01-2020,IN,Kolkata,dew,202,9,16,14,61
08-01-2020,IN,Kolkata,pm25,211,49,463,188,51803.1
08-01-2020,IN,Kolkata,pressure,211,1008.8,1017.5,1012.3,36.01
08-01-2020,IN,Kolkata,co,186,0.5,32.7,10.8,406.32
08-01-2020,IN,Kolkata,pm10,187,30,702,139,138617
08-01-2020,IN,Kolkata,o3,187,0.6,51,5.1,1917.58
08-01-2020,IN,Kolkata,so2,187,1.6,25,5.1,226.22
08-01-2020,IN,Kolkata,humidity,211,47.1,99.1,81.1,3194.8
09-01-2020,IN,Kolkata,temperature,205,15,22.4,18,39.43
09-01-2020,IN,Kolkata,wind speed,192,0,3.2,0.3,7.33
09-01-2020,IN,Kolkata,no2,179,3,51.4,27.3,868.42
09-01-2020,IN,Kolkata,dew,174,14,17,16,11.96
09-01-2020,IN,Kolkata,pm25,200,69,290,174,10510.1
09-01-2020,IN,Kolkata,pressure,198,1008.9,1017,1011.9,30.69
09-01-2020,IN,Kolkata,co,179,0.5,31.6,10.1,215.03
09-01-2020,IN,Kolkata,pm10,176,40,494,113,37660.2
09-01-2020,IN,Kolkata,o3,179,0.5,77.2,4.6,1178.17
09-01-2020,IN,Kolkata,so2,179,1.2,44.5,4.9,364.85
09-01-2020,IN,Kolkata,humidity,203,54.5,99.1,87.1,1617.36
10-01-2020,IN,Kolkata,temperature,216,12.5,22.3,16.5,50.25
10-01-2020,IN,Kolkata,wind speed,214,0,5.1,0.5,17.76
10-01-2020,IN,Kolkata,no2,192,8,49.9,22.1,819.31
10-01-2020,IN,Kolkata,dew,209,10.5,15.5,13,14.04
10-01-2020,IN,Kolkata,pm25,216,67,258,169,3067.44
10-01-2020,IN,Kolkata,pressure,216,1010.2,1018,1013.4,33.64
10-01-2020,IN,Kolkata,co,192,1.8,16.5,6.4,92.19
10-01-2020,IN,Kolkata,pm10,192,32,431,102,24674.2
10-01-2020,IN,Kolkata,o3,192,0.2,90.5,5.6,1458.92
10-01-2020,IN,Kolkata,so2,192,0.4,60,7.5,1197.9
10-01-2020,IN,Kolkata,humidity,216,48,99.1,71.9,2471.14
11-01-2020,IN,Kolkata,temperature,211,11,20.2,15,83.41
11-01-2020,IN,Kolkata,wind speed,207,0,4.1,0.5,14.42
11-01-2020,IN,Kolkata,no2,187,7.1,54.5,19.8,907.21
11-01-2020,IN,Kolkata,dew,195,10,13,11.5,8.65
11-01-2020,IN,Kolkata,pm25,211,125,317,164,8185.17
11-01-2020,IN,Kolkata,pressure,208,1011.1,1019,1014.2,28.35
11-01-2020,IN,Kolkata,co,187,1.9,25,5.5,306.51
11-01-2020,IN,Kolkata,pm10,187,67,549,93,53689
11-01-2020,IN,Kolkata,o3,187,0.2,44.7,7.5,1300.74
11-01-2020,IN,Kolkata,so2,187,1.5,60.5,6.4,1059.12
11-01-2020,IN,Kolkata,humidity,211,50.4,99,80.7,2133.09
12-01-2020,IN,Kolkata,temperature,204,11,23,15.7,132.3
12-01-2020,IN,Kolkata,wind speed,201,0,4.6,0.5,12.98
12-01-2020,IN,Kolkata,no2,181,8.1,66,21.1,1759.42
12-01-2020,IN,Kolkata,dew,188,10,12,11,3.48
12-01-2020,IN,Kolkata,pm25,205,91,307,168,9079.06
12-01-2020,IN,Kolkata,pressure,200,1007.5,1017,1012,52.67
12-01-2020,IN,Kolkata,co,181,1.9,28.2,6.1,405.78
12-01-2020,IN,Kolkata,pm10,181,59,602,103,80478.4
12-01-2020,IN,Kolkata,o3,181,0.1,51.1,7,1851.9
12-01-2020,IN,Kolkata,so2,181,1.3,50.4,5.5,923.7
12-01-2020,IN,Kolkata,humidity,205,40.2,99.1,77.2,3682.75
13-01-2020,IN,Kolkata,temperature,206,10.9,22.7,16.9,130.85
13-01-2020,IN,Kolkata,wind speed,192,0,5,0.3,15.64
13-01-2020,IN,Kolkata,no2,177,9.4,95.7,29,3086.55
13-01-2020,IN,Kolkata,dew,193,8,12,10.5,11.12
13-01-2020,IN,Kolkata,pm25,200,5,518,175,41292.2
13-01-2020,IN,Kolkata,pressure,199,1006.8,1014,1009.8,26.54
13-01-2020,IN,Kolkata,co,177,1.7,52.9,7.3,1056.17
13-01-2020,IN,Kolkata,pm10,177,2,999,121,250696
13-01-2020,IN,Kolkata,o3,177,0.1,66.3,7.6,2607.88
13-01-2020,IN,Kolkata,so2,177,1.9,64.9,6.7,1544.41
13-01-2020,IN,Kolkata,humidity,200,39.2,99.1,69,3269.55
14-01-2020,IN,Kolkata,temperature,205,11,25.5,17.7,213.8
14-01-2020,IN,Kolkata,wind speed,189,0,3.9,0.2,9.04
14-01-2020,IN,Kolkata,no2,181,2.2,100.2,36.4,4249.06
14-01-2020,IN,Kolkata,dew,209,9,13,11.5,11.57
14-01-2020,IN,Kolkata,pm25,201,4,999,198,94165.1
14-01-2020,IN,Kolkata,pressure,183,1007.4,1015,1010.3,29.09
14-01-2020,IN,Kolkata,co,181,0.6,59.4,13.7,1679.55
14-01-2020,IN,Kolkata,pm10,180,2,999,163,307507
14-01-2020,IN,Kolkata,o3,180,0.1,107.1,5.9,4035.49
14-01-2020,IN,Kolkata,so2,180,0.8,60.8,6.9,964.11
14-01-2020,IN,Kolkata,humidity,205,32.5,99.1,74.5,5409.3
15-01-2020,IN,Kolkata,temperature,216,12.7,26.8,18.1,219.56
15-01-2020,IN,Kolkata,wind speed,201,0,3,0.1,5.88
15-01-2020,IN,Kolkata,no2,192,0.5,102,45,5101.84
15-01-2020,IN,Kolkata,dew,181,11.5,15,13.5,13.7
15-01-2020,IN,Kolkata,pm25,214,72,467,220,56294
15-01-2020,IN,Kolkata,pressure,216,1008.6,1016.5,1011.5,29.06
15-01-2020,IN,Kolkata,co,190,2,54.1,21.1,1430
15-01-2020,IN,Kolkata,pm10,192,35,999,180,414474
15-01-2020,IN,Kolkata,o3,192,0.1,100.4,6.7,5046.15
15-01-2020,IN,Kolkata,so2,191,2.6,74.4,8.4,1747.53
15-01-2020,IN,Kolkata,humidity,216,36,99.1,78.3,4726.45
16-01-2020,IN,Kolkata,temperature,210,0,28.3,20,387.63
16-01-2020,IN,Kolkata,wind speed,162,0,3.3,0.1,8.23
16-01-2020,IN,Kolkata,no2,155,0.7,99.6,37.8,3870.85
16-01-2020,IN,Kolkata,dew,202,11.5,18,16.5,52.51
16-01-2020,IN,Kolkata,pm25,174,9,468,199,38930.4
16-01-2020,IN,Kolkata,pressure,177,1008.2,1016.5,1011.7,32.04
16-01-2020,IN,Kolkata,co,155,1.5,57.1,14.6,1336.48
16-01-2020,IN,Kolkata,pm10,154,4,999,151,401491
16-01-2020,IN,Kolkata,o3,153,0.1,89.9,6.8,5110.17
16-01-2020,IN,Kolkata,so2,154,0.4,56.7,6.2,831.25
16-01-2020,IN,Kolkata,humidity,179,34,99,77,4475.16
17-01-2020,IN,Kolkata,temperature,208,14.5,29,20.5,224.77
17-01-2020,IN,Kolkata,wind speed,182,0,3.2,0.2,6.98
17-01-2020,IN,Kolkata,no2,173,6,97.9,32.2,3458.56
17-01-2020,IN,Kolkata,dew,216,14,19.5,15,26.37
17-01-2020,IN,Kolkata,pm25,196,81,414,182,19389.5
17-01-2020,IN,Kolkata,pressure,196,1008.9,1317.7,1012.1,4790.98
17-01-2020,IN,Kolkata,co,170,0.5,38.7,14.2,720.77
17-01-2020,IN,Kolkata,pm10,172,52,999,131,173446
17-01-2020,IN,Kolkata,o3,172,0.4,73.5,6.2,3099.58
17-01-2020,IN,Kolkata,so2,170,1.2,61.6,6.1,1047.17
17-01-2020,IN,Kolkata,humidity,196,28.3,98.9,76.3,4797.81
18-01-2020,IN,Kolkata,temperature,205,14.8,29.1,21.5,224.56
18-01-2020,IN,Kolkata,wind speed,190,0,3.3,0.2,6.32
18-01-2020,IN,Kolkata,no2,179,5.3,78.7,30.1,2538.45
18-01-2020,IN,Kolkata,dew,216,13,17.5,14.5,15.66
18-01-2020,IN,Kolkata,pm25,204,58,310,170,13953
18-01-2020,IN,Kolkata,pressure,193,1006.4,1016,1011.3,34.6
18-01-2020,IN,Kolkata,co,181,1.6,39.7,10.6,521.94
18-01-2020,IN,Kolkata,pm10,180,58,999,109,137108
18-01-2020,IN,Kolkata,o3,181,0.5,79,5.9,1969.02
18-01-2020,IN,Kolkata,so2,180,0.8,82.1,7.4,1600.28
18-01-2020,IN,Kolkata,humidity,205,27.8,99.1,65.3,5415.48
19-01-2020,IN,Kolkata,temperature,207,14.8,26.9,19,114.49
19-01-2020,IN,Kolkata,wind speed,205,0,4.1,0.6,9.11
19-01-2020,IN,Kolkata,no2,183,8.2,67.5,23.9,799.16
19-01-2020,IN,Kolkata,dew,202,13,18,17,28.54
19-01-2020,IN,Kolkata,pm25,207,94,261,168,6171.14
19-01-2020,IN,Kolkata,pressure,207,1007.7,1017,1011.5,32.43
19-01-2020,IN,Kolkata,co,183,3.1,28.6,7.7,156.96
19-01-2020,IN,Kolkata,pm10,183,71,471,106,23561.6
19-01-2020,IN,Kolkata,o3,183,0.4,51.2,8.1,1464.06
19-01-2020,IN,Kolkata,so2,183,0.1,32.9,7.4,355.46
19-01-2020,IN,Kolkata,humidity,207,45.1,99.1,76.5,2169.93
20-01-2020,IN,Kolkata,temperature,198,14.2,22.3,17,39.21
20-01-2020,IN,Kolkata,wind speed,194,0,4.6,0.7,11.84
20-01-2020,IN,Kolkata,no2,174,2.5,72.1,17.3,1368.2
20-01-2020,IN,Kolkata,dew,167,12,16,14,13.64
20-01-2020,IN,Kolkata,pm25,195,66,258,158,9935.67
20-01-2020,IN,Kolkata,pressure,192,1010.5,1018,1013.7,36.46
20-01-2020,IN,Kolkata,co,174,1,27.3,5.5,216.63
20-01-2020,IN,Kolkata,pm10,171,60,183,80,4619.88
20-01-2020,IN,Kolkata,o3,174,1,89.9,12.3,1392.87
20-01-2020,IN,Kolkata,so2,174,0.9,65,6.1,587.05
20-01-2020,IN,Kolkata,humidity,198,52.2,99,74.5,1550.14
21-01-2020,IN,Kolkata,temperature,205,11.5,23.8,17.5,129.71
21-01-2020,IN,Kolkata,wind speed,198,0,3.3,0.4,7.15
21-01-2020,IN,Kolkata,no2,181,5.9,91.5,24.7,2126.2
21-01-2020,IN,Kolkata,dew,195,10,14,12.5,12.28
21-01-2020,IN,Kolkata,pm25,205,19,357,164,20032.6
21-01-2020,IN,Kolkata,pressure,199,1012.5,1021,1015.5,33.26
21-01-2020,IN,Kolkata,co,172,1.5,42.5,7.9,480.14
21-01-2020,IN,Kolkata,pm10,180,14,480,104,35027.6
21-01-2020,IN,Kolkata,o3,181,0.7,72.6,7.9,2585.68
21-01-2020,IN,Kolkata,so2,180,1.5,83.1,6.3,743.64
21-01-2020,IN,Kolkata,humidity,205,41,99.1,71.6,3150.53
22-01-2020,IN,Kolkata,temperature,209,12,25.7,19,185.01
22-01-2020,IN,Kolkata,wind speed,195,0,3.7,0.2,8.04
22-01-2020,IN,Kolkata,no2,185,1.7,102.6,33.2,3495.41
22-01-2020,IN,Kolkata,dew,174,11,16,14,29.18
22-01-2020,IN,Kolkata,pm25,209,28,385,184,23399.8
22-01-2020,IN,Kolkata,pressure,194,1011.1,1021,1015,43.62
22-01-2020,IN,Kolkata,co,161,1.3,30.2,9.4,495.68
22-01-2020,IN,Kolkata,pm10,185,11,999,129,126716
22-01-2020,IN,Kolkata,o3,185,0.6,95,6.4,3516.15
22-01-2020,IN,Kolkata,so2,185,0.7,89.9,6.1,1303.56
22-01-2020,IN,Kolkata,humidity,209,42.3,99.1,78.4,3507.17
23-01-2020,IN,Kolkata,temperature,194,15,23.9,19,65.57
23-01-2020,IN,Kolkata,wind speed,183,0,3.9,0.3,9.57
23-01-2020,IN,Kolkata,no2,170,2.7,71.1,28.7,1428.68
23-01-2020,IN,Kolkata,dew,195,14,19,15,22.35
23-01-2020,IN,Kolkata,pm25,194,68,363,186,11065.3
23-01-2020,IN,Kolkata,pressure,189,1009.2,1018,1012.6,32.98
23-01-2020,IN,Kolkata,co,159,1.2,23.3,9.4,124.62
23-01-2020,IN,Kolkata,pm10,170,18,569,123,38691.8
23-01-2020,IN,Kolkata,o3,170,0.6,56.7,6.8,1702.7
23-01-2020,IN,Kolkata,so2,169,0.3,70.5,6.3,1101.29
23-01-2020,IN,Kolkata,humidity,194,57.1,99.1,75.8,1644.68
24-01-2020,IN,Kolkata,temperature,205,14,23.9,16.5,92.08
24-01-2020,IN,Kolkata,wind speed,199,0,5.6,0.5,15.4
24-01-2020,IN,Kolkata,no2,181,4.4,86,29,2356.4
24-01-2020,IN,Kolkata,dew,188,6.5,15,9,71.59
24-01-2020,IN,Kolkata,pm25,205,17,999,168,154788
24-01-2020,IN,Kolkata,pressure,204,1009.4,1019,1012.9,38.37
24-01-2020,IN,Kolkata,co,181,0.1,33.1,6.3,326.98
24-01-2020,IN,Kolkata,pm10,181,10,361,107,29872.6
24-01-2020,IN,Kolkata,o3,181,0.6,59.7,6.8,2247.16
24-01-2020,IN,Kolkata,so2,181,1.9,59.4,6.8,1235.68
24-01-2020,IN,Kolkata,humidity,205,30.8,99,55.1,5086.01
25-01-2020,IN,Kolkata,temperature,207,10.8,23.5,16,147.95
25-01-2020,IN,Kolkata,wind speed,196,0,5.2,0.3,14.22
25-01-2020,IN,Kolkata,no2,183,4.4,97.9,26.5,3013.8
25-01-2020,IN,Kolkata,dew,188,8,11,9,11.83
25-01-2020,IN,Kolkata,pm25,207,4,999,158,83187.2
25-01-2020,IN,Kolkata,pressure,206,1008,1018,1012.1,42.79
25-01-2020,IN,Kolkata,co,183,1.4,34.4,5.5,440.25
25-01-2020,IN,Kolkata,pm10,183,17,368,90,29171.4
25-01-2020,IN,Kolkata,o3,183,0.7,101.9,9,3181.44
25-01-2020,IN,Kolkata,so2,183,1.5,66.9,6.2,939.54
25-01-2020,IN,Kolkata,humidity,207,30,98.2,60.2,3262.23
26-01-2020,IN,Kolkata,temperature,210,11,24.5,16.8,183.77
26-01-2020,IN,Kolkata,wind speed,195,0,4.5,0.2,14.87
26-01-2020,IN,Kolkata,no2,186,0.4,89.5,31.7,3312.92
26-01-2020,IN,Kolkata,dew,202,9,13,11,8.6
26-01-2020,IN,Kolkata,pm25,209,71,420,178,33927.2
26-01-2020,IN,Kolkata,pressure,204,1006.5,1015,1010.1,36.36
26-01-2020,IN,Kolkata,co,186,1.2,50.8,10.6,791.76
26-01-2020,IN,Kolkata,pm10,186,21,440,129,69557.1
26-01-2020,IN,Kolkata,o3,186,0.6,84.7,6.9,3892.33
26-01-2020,IN,Kolkata,so2,185,0.6,38.7,6.4,462.72
26-01-2020,IN,Kolkata,humidity,210,35.3,99,69.6,4245.97
27-01-2020,IN,Kolkata,temperature,216,5.2,23.4,17.7,142.1
27-01-2020,IN,Kolkata,wind speed,203,0,5.6,0.3,16.19
27-01-2020,IN,Kolkata,no2,192,0.5,101,30.1,4665.45
27-01-2020,IN,Kolkata,dew,181,11,13,11.5,3.99
27-01-2020,IN,Kolkata,pm25,214,5,492,183,45714.8
27-01-2020,IN,Kolkata,pressure,214,1006.8,1015,1009.8,32.8
27-01-2020,IN,Kolkata,co,192,1.3,54.5,8.8,949.45
27-01-2020,IN,Kolkata,pm10,190,3,999,131,235208
27-01-2020,IN,Kolkata,o3,191,0.7,80.3,6.5,3118.84
27-01-2020,IN,Kolkata,so2,192,1.1,59.6,5.8,1192
27-01-2020,IN,Kolkata,humidity,216,39.5,99,70.4,3703.17
28-01-2020,IN,Kolkata,temperature,211,12,25.7,19,181.93
28-01-2020,IN,Kolkata,wind speed,202,0,5.3,0.3,14.15
28-01-2020,IN,Kolkata,no2,187,5.4,82.3,30.2,2259.58
28-01-2020,IN,Kolkata,dew,160,11,15,14,18.94
28-01-2020,IN,Kolkata,pm25,211,74,407,181,31921.1
28-01-2020,IN,Kolkata,pressure,210,1006.9,1015,1010.2,34.26
28-01-2020,IN,Kolkata,co,187,1,44.4,7.5,482.58
28-01-2020,IN,Kolkata,pm10,187,53,999,123,93722.1
28-01-2020,IN,Kolkata,o3,187,0.5,79.2,11.4,3329.09
28-01-2020,IN,Kolkata,so2,187,1.2,68,6.2,1010.47
28-01-2020,IN,Kolkata,humidity,211,38.2,99.1,66.2,3732.96
29-01-2020,IN,Kolkata,temperature,211,16,24.4,20,57.83
29-01-2020,IN,Kolkata,wind speed,207,0.1,5.4,0.6,18.45
29-01-2020,IN,Kolkata,no2,187,3.9,106.4,16.6,1382.94
29-01-2020,IN,Kolkata,dew,202,14.5,21,18,45.29
29-01-2020,IN,Kolkata,pm25,211,61,188,144,9124.23
29-01-2020,IN,Kolkata,pressure,211,1008.4,1017.2,1011.4,31.28
29-01-2020,IN,Kolkata,co,187,1.4,9.8,4.5,19.3
29-01-2020,IN,Kolkata,pm10,187,37,153,70,5192.58
29-01-2020,IN,Kolkata,o3,187,2.6,35.7,17.1,680.04
29-01-2020,IN,Kolkata,so2,187,1.3,26.5,4.7,173.15
29-01-2020,IN,Kolkata,humidity,211,68.3,99,87.1,492.59
30-01-2020,IN,Kolkata,temperature,205,17,22.5,19.2,15.31
30-01-2020,IN,Kolkata,wind speed,197,0,4.6,0.4,10.6
30-01-2020,IN,Kolkata,no2,181,0.1,41.8,17.7,467.66
30-01-2020,IN,Kolkata,dew,209,16,19.5,18,9.28
30-01-2020,IN,Kolkata,pm25,204,9,302,154,12392
30-01-2020,IN,Kolkata,pressure,179,1007,1019.4,1010,36.28
30-01-2020,IN,Kolkata,co,181,1.3,31.3,6.4,369.75
30-01-2020,IN,Kolkata,pm10,179,2,179,74,8270.48
30-01-2020,IN,Kolkata,o3,181,0.5,171.9,10.7,2699.97
30-01-2020,IN,Kolkata,so2,181,1.3,64.5,4.5,560.53
30-01-2020,IN,Kolkata,humidity,205,79.9,99.6,95,272.44
31-01-2020,IN,Kolkata,temperature,216,14.6,24.1,18,62.12
31-01-2020,IN,Kolkata,wind speed,209,0,5.4,0.5,17.31
31-01-2020,IN,Kolkata,no2,238,2.8,57.7,20,1477.71
31-01-2020,IN,Kolkata,dew,188,12,17,14.5,23.22
31-01-2020,IN,Kolkata,pm25,262,48,319,161,10828.6
31-01-2020,IN,Kolkata,pressure,209,1008.1,1016.5,1011.1,35.81
31-01-2020,IN,Kolkata,co,238,1,60.4,5.4,537.18
31-01-2020,IN,Kolkata,pm10,238,23,233,93,11906.4
31-01-2020,IN,Kolkata,o3,238,0.6,78.8,8.6,2387.03
31-01-2020,IN,Kolkata,so2,238,1.3,66.1,6,908.33
31-01-2020,IN,Kolkata,humidity,216,41,100,81.5,3880.09
01-02-2020,IN,Kolkata,temperature,253,12,24.8,18,146.3
01-02-2020,IN,Kolkata,wind speed,237,0,5.5,0.6,14.57
01-02-2020,IN,Kolkata,no2,222,7.9,74.8,22.5,1874.79
01-02-2020,IN,Kolkata,dew,219,10,12,11.5,3.84
01-02-2020,IN,Kolkata,pm25,246,48,322,153,13843.8
01-02-2020,IN,Kolkata,pressure,230,1009.6,1018,1013,31.81
01-02-2020,IN,Kolkata,co,222,1.1,38.2,4.9,526.17
01-02-2020,IN,Kolkata,pm10,222,22,643,83,43640.9
01-02-2020,IN,Kolkata,o3,222,0.5,103,10,3664.56
01-02-2020,IN,Kolkata,so2,222,1,60.3,6.9,542
01-02-2020,IN,Kolkata,humidity,245,34.1,99.1,62.6,3345.81
02-02-2020,IN,Kolkata,temperature,235,13,23.6,17.5,95.4
02-02-2020,IN,Kolkata,wind speed,225,0,5.3,0.4,16.07
02-02-2020,IN,Kolkata,no2,208,7,79.7,25.3,1960.33
02-02-2020,IN,Kolkata,dew,237,8,13,10,23.37
02-02-2020,IN,Kolkata,pm25,232,34,451,154,25512.8
02-02-2020,IN,Kolkata,pressure,224,1012.1,1020,1015.1,32.01
02-02-2020,IN,Kolkata,co,202,0.5,38.3,4.4,650.44
02-02-2020,IN,Kolkata,pm10,208,21,999,88,200579
02-02-2020,IN,Kolkata,o3,208,0.5,73,8.9,2841.3
02-02-2020,IN,Kolkata,so2,207,0.1,62.1,7,764.26
02-02-2020,IN,Kolkata,humidity,233,31.3,99,60.6,3814.61
03-02-2020,IN,Kolkata,temperature,244,11,23.9,17,128.72
03-02-2020,IN,Kolkata,wind speed,235,0,5.8,0.4,12.65
03-02-2020,IN,Kolkata,no2,220,1.5,65.7,24.7,2068.04
03-02-2020,IN,Kolkata,dew,201,7,10,8,4.39
03-02-2020,IN,Kolkata,pm25,240,25,499,149,24882
03-02-2020,IN,Kolkata,pressure,235,1011.6,1021,1015.1,38.37
03-02-2020,IN,Kolkata,co,220,0.5,28.8,5.4,414.56
03-02-2020,IN,Kolkata,pm10,218,7,550,87,43435.7
03-02-2020,IN,Kolkata,o3,219,0.7,124.7,10.1,4145.44
03-02-2020,IN,Kolkata,so2,220,0.8,64.6,5.8,1213.53
03-02-2020,IN,Kolkata,humidity,244,27.5,99,51.7,3812.33
04-02-2020,IN,Kolkata,temperature,264,11,24.5,19,178.35
04-02-2020,IN,Kolkata,wind speed,255,0,3.3,0.3,5.55
04-02-2020,IN,Kolkata,no2,240,4.9,68.8,30.2,2433.89
04-02-2020,IN,Kolkata,dew,201,8,12,10.5,9.93
04-02-2020,IN,Kolkata,pm25,261,5,338,163,15443.5
04-02-2020,IN,Kolkata,pressure,254,1009.1,1018.5,1013,39.77
04-02-2020,IN,Kolkata,co,240,0.8,24.1,6.9,288.92
04-02-2020,IN,Kolkata,pm10,240,4,410,105,24505.7
04-02-2020,IN,Kolkata,o3,239,0.4,94.6,6.7,4981.47
04-02-2020,IN,Kolkata,so2,239,0.1,56.2,8.8,719.73
04-02-2020,IN,Kolkata,humidity,264,30.6,99.1,55.6,3529.16
05-02-2020,IN,Kolkata,temperature,259,15,26.3,20,111.5
05-02-2020,IN,Kolkata,wind speed,246,0,2.5,0.3,3.58
05-02-2020,IN,Kolkata,no2,232,8.1,70.3,28.6,2176.62
05-02-2020,IN,Kolkata,dew,255,12,15,13,11.44
05-02-2020,IN,Kolkata,pm25,258,5,305,175,10582.2
05-02-2020,IN,Kolkata,pressure,259,1007.3,1016,1011.2,34.96
05-02-2020,IN,Kolkata,co,234,1.7,26.8,7.4,213.18
05-02-2020,IN,Kolkata,pm10,234,2,722,118,57317.4
05-02-2020,IN,Kolkata,o3,230,0.4,130,10.1,6259.09
05-02-2020,IN,Kolkata,so2,234,1.6,82.8,10.3,1218.48
05-02-2020,IN,Kolkata,humidity,259,36.1,97.5,63.4,2746.36
06-02-2020,IN,Kolkata,temperature,260,15,26,20,111.77
06-02-2020,IN,Kolkata,wind speed,215,0,3.6,0.3,4.52
06-02-2020,IN,Kolkata,no2,208,5.6,65.3,25.7,1479.89
06-02-2020,IN,Kolkata,dew,219,12,15,13,7.98
06-02-2020,IN,Kolkata,pm25,224,47,362,162,11535.3
06-02-2020,IN,Kolkata,pressure,204,1009,1018,1012.3,33.34
06-02-2020,IN,Kolkata,co,200,1.6,25.3,7.5,180.5
06-02-2020,IN,Kolkata,pm10,199,28,630,97,32356.4
06-02-2020,IN,Kolkata,o3,200,0.4,80.4,6.9,3973.11
06-02-2020,IN,Kolkata,so2,200,1.1,58.6,6.7,494.25
06-02-2020,IN,Kolkata,humidity,226,32.6,99.1,57.2,5092.98
07-02-2020,IN,Kolkata,temperature,255,15,22.3,18.9,42.76
07-02-2020,IN,Kolkata,wind speed,232,0,3.3,0.4,5.51
07-02-2020,IN,Kolkata,no2,210,5,56.7,24,933.35
07-02-2020,IN,Kolkata,dew,235,11,14.5,12.5,14.11
07-02-2020,IN,Kolkata,pm25,234,54,308,165,12150.4
07-02-2020,IN,Kolkata,pressure,207,1010.5,1019,1014.1,30.32
07-02-2020,IN,Kolkata,co,210,1.6,23.4,6.9,121.43
07-02-2020,IN,Kolkata,pm10,210,25,220,106,11264.9
07-02-2020,IN,Kolkata,o3,210,0.7,94.5,9,2171.53
07-02-2020,IN,Kolkata,so2,210,1.9,56.7,5.5,721.26
07-02-2020,IN,Kolkata,humidity,236,37.4,87,58.2,1603.96
08-02-2020,IN,Kolkata,temperature,204,16,19.2,17.2,11.3
08-02-2020,IN,Kolkata,wind speed,200,0,3.2,0.4,6.43
08-02-2020,IN,Kolkata,no2,176,1,42.4,25.9,400.29
08-02-2020,IN,Kolkata,dew,178,12,14.5,13.5,4.54
08-02-2020,IN,Kolkata,pm25,198,77,843,186,61410.8
08-02-2020,IN,Kolkata,pressure,186,1011.6,1020,1015.4,32.57
08-02-2020,IN,Kolkata,co,176,2.2,29.1,8.4,146.29
08-02-2020,IN,Kolkata,pm10,174,68,617,138,31949.6
08-02-2020,IN,Kolkata,o3,176,0.7,42.7,6.1,347.6
08-02-2020,IN,Kolkata,so2,176,1.4,26.8,7.2,249.24
08-02-2020,IN,Kolkata,humidity,201,51,96.6,71.1,900.58
09-02-2020,IN,Kolkata,temperature,99,14.2,22.3,15.5,57.21
09-02-2020,IN,Kolkata,wind speed,99,0,4.3,0.6,7.31
09-02-2020,IN,Kolkata,no2,192,7.8,60.9,21.8,1604.86
09-02-2020,IN,Kolkata,dew,83,12.5,14.5,13,4.42
09-02-2020,IN,Kolkata,pm25,216,105,241,170,6601.3
09-02-2020,IN,Kolkata,pressure,99,1013.4,1021,1016.5,30.03
09-02-2020,IN,Kolkata,co,192,1.7,23.2,6.5,215.62
09-02-2020,IN,Kolkata,pm10,192,61,406,108,13058.8
09-02-2020,IN,Kolkata,o3,188,0.7,73.9,6.6,3407.7
09-02-2020,IN,Kolkata,so2,192,1.3,25.3,6.8,157.88
09-02-2020,IN,Kolkata,humidity,99,45,97.3,78.3,1952.93
10-02-2020,IN,Kolkata,no2,202,2.1,96,27.6,3425.86
10-02-2020,IN,Kolkata,pm25,225,45,355,165,14699.6
10-02-2020,IN,Kolkata,co,202,0.2,43.4,6,657.18
10-02-2020,IN,Kolkata,pm10,202,25,720,105,50370.9
10-02-2020,IN,Kolkata,o3,197,0.7,107.5,6.6,4825.94
10-02-2020,IN,Kolkata,so2,202,1.2,51.7,5.9,588.01
11-02-2020,IN,Kolkata,no2,215,0.6,92.5,31.5,4031.28
11-02-2020,IN,Kolkata,pm25,239,61,451,175,33124.7
11-02-2020,IN,Kolkata,co,216,0.2,46.1,6.9,908.77
11-02-2020,IN,Kolkata,pm10,216,13,929,121,90267.2
11-02-2020,IN,Kolkata,o3,217,0.6,109.2,6.8,4314.68
11-02-2020,IN,Kolkata,so2,216,1.1,51.1,6.3,393.06
12-02-2020,IN,Kolkata,no2,215,1.8,104.3,32,5718.17
12-02-2020,IN,Kolkata,pm25,236,2,430,174,27167.3
12-02-2020,IN,Kolkata,co,215,0.5,45.1,8.3,1206
12-02-2020,IN,Kolkata,pm10,215,2,704,118,86879.8
12-02-2020,IN,Kolkata,o3,215,0.6,100.8,5.4,5757.76
12-02-2020,IN,Kolkata,so2,215,0.1,64.2,6.7,678.27
13-02-2020,IN,Kolkata,no2,229,4,101.6,31.8,5068.96
13-02-2020,IN,Kolkata,pm25,253,35,323,174,18036.9
13-02-2020,IN,Kolkata,co,229,0.2,30.2,8.9,536.01
13-02-2020,IN,Kolkata,pm10,229,19,537,121,48582.5
13-02-2020,IN,Kolkata,o3,229,0.3,96.1,6.3,5234.52
13-02-2020,IN,Kolkata,so2,229,0.5,57.8,6.4,358.8
14-02-2020,IN,Kolkata,no2,239,5.4,98.6,30,5167.57
14-02-2020,IN,Kolkata,pm25,263,1,341,172,21040.4
14-02-2020,IN,Kolkata,co,238,0.2,32.8,8.7,618.89
14-02-2020,IN,Kolkata,pm10,239,1,999,118,210051
14-02-2020,IN,Kolkata,o3,237,0.2,93.9,7.5,4710.72
14-02-2020,IN,Kolkata,so2,239,0.2,56.1,8.1,1355.44
15-02-2020,IN,Kolkata,no2,237,3.5,94.9,24.1,3866.94
15-02-2020,IN,Kolkata,pm25,261,18,339,159,8972.34
15-02-2020,IN,Kolkata,co,237,0.9,35.9,6.6,515.71
15-02-2020,IN,Kolkata,pm10,237,6,665,98,43863.3
15-02-2020,IN,Kolkata,o3,237,0.6,85.2,8,3850.93
15-02-2020,IN,Kolkata,so2,237,1.3,29.3,5.8,263.31
16-02-2020,IN,Kolkata,no2,240,6.3,83,28.3,3143.64
16-02-2020,IN,Kolkata,pm25,264,105,259,173,5181.69
16-02-2020,IN,Kolkata,co,240,1.8,36.9,6.9,364.39
16-02-2020,IN,Kolkata,pm10,240,58,499,120,36310
16-02-2020,IN,Kolkata,o3,240,0.6,101.7,6.8,5171.23
16-02-2020,IN,Kolkata,so2,240,1.4,29.6,7.2,229.44
17-02-2020,IN,Kolkata,no2,233,1.9,83.2,26.9,2851.33
17-02-2020,IN,Kolkata,pm25,256,8,311,172,9682.47
17-02-2020,IN,Kolkata,co,233,1.8,32.6,8,348.24
17-02-2020,IN,Kolkata,pm10,232,6,999,117,94151.8
17-02-2020,IN,Kolkata,o3,231,0.5,114.6,7.1,5693.03
17-02-2020,IN,Kolkata,so2,233,0.1,60.5,6.6,767.65
18-02-2020,IN,Kolkata,no2,223,2.2,93.5,22,2415.28
18-02-2020,IN,Kolkata,pm25,248,114,269,168,4513.32
18-02-2020,IN,Kolkata,co,224,1.9,44.9,6.4,249.81
18-02-2020,IN,Kolkata,pm10,224,60,999,105,97273.4
18-02-2020,IN,Kolkata,o3,220,1.7,94.2,7.7,4432.97
18-02-2020,IN,Kolkata,so2,224,1.2,59.3,6.6,390.42
19-02-2020,IN,Kolkata,no2,239,3.2,49.5,18.1,947.43
19-02-2020,IN,Kolkata,pm25,262,31,229,163,3651.49
19-02-2020,IN,Kolkata,co,239,0.4,25.3,4.9,73.68
19-02-2020,IN,Kolkata,pm10,238,8,204,88,9448.87
19-02-2020,IN,Kolkata,o3,239,1.7,102.1,9.2,4583.21
19-02-2020,IN,Kolkata,so2,239,1.1,68.9,8.7,2332.67
20-02-2020,IN,Kolkata,no2,239,0.8,52.4,14.4,1263.66
20-02-2020,IN,Kolkata,pm25,263,68,177,151,3089.79
20-02-2020,IN,Kolkata,co,240,1.4,14.2,3.8,29.42
20-02-2020,IN,Kolkata,pm10,239,28,178,72,5947.16
20-02-2020,IN,Kolkata,o3,239,0.1,87.6,11.7,3106.08
20-02-2020,IN,Kolkata,so2,239,0.3,62.8,8.8,1352.44
21-02-2020,IN,Kolkata,no2,236,2.2,99.9,22.6,3027.99
21-02-2020,IN,Kolkata,pm25,261,2,302,163,11129.4
21-02-2020,IN,Kolkata,co,237,1.5,40.6,6.9,467.2
21-02-2020,IN,Kolkata,pm10,237,1,484,99,35983.1
21-02-2020,IN,Kolkata,o3,233,0.1,121.3,6,5689.52
21-02-2020,IN,Kolkata,so2,234,0.1,80.5,6.1,1171.89
22-02-2020,IN,Kolkata,no2,238,4.4,82.7,25.2,2646.04
22-02-2020,IN,Kolkata,pm25,262,44,309,174,9486.6
22-02-2020,IN,Kolkata,co,238,0.5,31.1,6.4,403.14
22-02-2020,IN,Kolkata,pm10,238,24,999,123,79472.8
22-02-2020,IN,Kolkata,o3,238,0.1,100.8,10.7,4744.66
22-02-2020,IN,Kolkata,so2,231,0.1,68.2,6.9,975.47
23-02-2020,IN,Kolkata,no2,237,5.1,64.9,19.1,1636.18
23-02-2020,IN,Kolkata,pm25,262,106,290,167,6337.56
23-02-2020,IN,Kolkata,co,238,1.5,25.5,5.7,205.78
23-02-2020,IN,Kolkata,pm10,238,61,526,106,26224
23-02-2020,IN,Kolkata,o3,238,0.7,69.6,8.6,2380.94
23-02-2020,IN,Kolkata,so2,237,0.1,67.4,5.1,519.97
24-02-2020,IN,Kolkata,no2,240,0.5,62.6,25.5,1131.37
24-02-2020,IN,Kolkata,pm25,262,10,290,178,11041.4
24-02-2020,IN,Kolkata,co,240,1.5,26.9,8.6,213.74
24-02-2020,IN,Kolkata,pm10,238,6,999,120,98465.6
24-02-2020,IN,Kolkata,o3,240,0.1,98.1,5.6,2188.13
24-02-2020,IN,Kolkata,so2,240,0.2,68.1,6.7,1447.14
25-02-2020,IN,Kolkata,temperature,71,17.5,21,19,10.47
25-02-2020,IN,Kolkata,wind speed,69,0,4.7,0.4,10.21
25-02-2020,IN,Kolkata,no2,239,2.9,48.8,24.3,786.65
25-02-2020,IN,Kolkata,dew,73,16.5,18,17.5,3.19
25-02-2020,IN,Kolkata,pm25,263,71,315,155,16975
25-02-2020,IN,Kolkata,pressure,71,1007.1,1014,1010.5,26.12
25-02-2020,IN,Kolkata,co,227,0.3,28.1,6.1,126.08
25-02-2020,IN,Kolkata,pm10,239,50,235,82,13132.2
25-02-2020,IN,Kolkata,o3,239,0.7,65.2,6.1,329.68
25-02-2020,IN,Kolkata,so2,239,0.4,63.1,3.9,642.19
25-02-2020,IN,Kolkata,humidity,71,67.1,99,84.4,748.34
26-02-2020,IN,Kolkata,temperature,264,17,26.7,21.5,99.67
26-02-2020,IN,Kolkata,wind speed,258,0,4.2,0.5,9.39
26-02-2020,IN,Kolkata,no2,238,0.2,37.8,16.8,576.15
26-02-2020,IN,Kolkata,dew,246,16,20,17.5,11.14
26-02-2020,IN,Kolkata,pm25,262,2,173,113,7841.22
26-02-2020,IN,Kolkata,pressure,264,1007.1,1015,1010.5,27.15
26-02-2020,IN,Kolkata,co,210,1,29.9,4.5,100.49
26-02-2020,IN,Kolkata,pm10,238,17,221,64,3972.53
26-02-2020,IN,Kolkata,o3,238,0.4,82.5,8,1415.3
26-02-2020,IN,Kolkata,so2,238,1.1,61,4.8,816.39
26-02-2020,IN,Kolkata,humidity,264,44.3,99,77.5,2426.02
27-02-2020,IN,Kolkata,temperature,263,17,27.6,21.9,94.28
27-02-2020,IN,Kolkata,wind speed,255,0,4,0.4,10.08
27-02-2020,IN,Kolkata,no2,235,3.3,62.6,19,1324.88
27-02-2020,IN,Kolkata,dew,255,16,20,17,13.78
27-02-2020,IN,Kolkata,pm25,260,53,194,117,12626.8
27-02-2020,IN,Kolkata,pressure,261,1007.5,1016,1010.9,27.32
27-02-2020,IN,Kolkata,co,216,0.4,25,4.8,189.79
27-02-2020,IN,Kolkata,pm10,236,24,146,62,7169.47
27-02-2020,IN,Kolkata,o3,236,0.9,157.1,9.8,2610.92
27-02-2020,IN,Kolkata,so2,235,0.4,60.2,5.2,496.7
27-02-2020,IN,Kolkata,humidity,261,42.6,98.8,71.1,2483.78
28-02-2020,IN,Kolkata,temperature,264,17,27.8,22,109.44
28-02-2020,IN,Kolkata,wind speed,255,0,4.5,0.5,11.27
28-02-2020,IN,Kolkata,no2,238,2.6,61.5,18.7,1580.34
28-02-2020,IN,Kolkata,dew,228,16,18,16.5,4.11
28-02-2020,IN,Kolkata,pm25,261,39,356,158,8875.06
28-02-2020,IN,Kolkata,pressure,264,1007.3,1015.5,1010.3,28.67
28-02-2020,IN,Kolkata,co,206,0.1,34.1,5,278.75
28-02-2020,IN,Kolkata,pm10,238,2,454,89,18241.5
28-02-2020,IN,Kolkata,o3,238,1.1,66.8,12.7,2330.64
28-02-2020,IN,Kolkata,so2,238,1.1,76.9,5.4,575.79
28-02-2020,IN,Kolkata,humidity,264,36.4,98,66.7,2546.41
29-02-2020,IN,Kolkata,temperature,264,16.5,29.1,22.7,154.56
29-02-2020,IN,Kolkata,wind speed,256,0,3.6,0.4,8.3
29-02-2020,IN,Kolkata,no2,237,1.7,93,23.9,2440.53
29-02-2020,IN,Kolkata,dew,246,14,16.5,15.5,4.6
29-02-2020,IN,Kolkata,pm25,261,54,296,157,9707.97
29-02-2020,IN,Kolkata,pressure,264,1005.8,1014,1008.9,27.17
29-02-2020,IN,Kolkata,co,214,0.6,43.3,6.5,699.44
29-02-2020,IN,Kolkata,pm10,237,10,490,90,20363.6
29-02-2020,IN,Kolkata,o3,237,0.8,192.3,9.1,4717.5
29-02-2020,IN,Kolkata,so2,236,0.2,76.3,6.3,853.4
29-02-2020,IN,Kolkata,humidity,264,31.9,99,59.7,3116.8
01-03-2020,IN,Kolkata,temperature,264,17.9,30,24,143.65
01-03-2020,IN,Kolkata,wind speed,252,0,3.5,0.4,8.04
01-03-2020,IN,Kolkata,no2,240,6.3,82.2,24.5,2617.73
01-03-2020,IN,Kolkata,dew,210,16,19,17,8.18
01-03-2020,IN,Kolkata,pm25,264,109,249,167,4599.81
01-03-2020,IN,Kolkata,pressure,264,1005.5,1014.5,1008.8,33.15
01-03-2020,IN,Kolkata,co,240,1.5,41.2,7.2,658.34
01-03-2020,IN,Kolkata,pm10,240,67,295,106,11504.4
01-03-2020,IN,Kolkata,o3,240,0.4,89.6,7.7,4807.15
01-03-2020,IN,Kolkata,so2,239,0.2,61.3,6.6,754.45
01-03-2020,IN,Kolkata,humidity,264,35.9,99,64.8,3190.37
02-03-2020,IN,Kolkata,temperature,264,18.9,31,26,159.14
02-03-2020,IN,Kolkata,wind speed,254,0,3.9,0.3,8.29
02-03-2020,IN,Kolkata,no2,240,3.6,78.6,22.1,2449.29
02-03-2020,IN,Kolkata,dew,192,18,21,20,12.61
02-03-2020,IN,Kolkata,pm25,262,3,275,170,10766.5
02-03-2020,IN,Kolkata,pressure,264,1004.9,1014,1008.1,35.26
02-03-2020,IN,Kolkata,co,240,1.6,37.8,7.9,414.45
02-03-2020,IN,Kolkata,pm10,240,2,478,109,26949.4
02-03-2020,IN,Kolkata,o3,240,0.6,115.9,8.7,4028.52
02-03-2020,IN,Kolkata,so2,239,1.8,66.8,7.3,1498.3
02-03-2020,IN,Kolkata,humidity,264,36.7,99,64.4,2976.81
03-03-2020,IN,Kolkata,temperature,23,22.3,24.5,24,4.4
03-03-2020,IN,Kolkata,wind speed,23,0,3.8,0.3,13.64
03-03-2020,IN,Kolkata,no2,78,4.6,52.1,16.8,1471.01
03-03-2020,IN,Kolkata,dew,21,18,19,18,2.62
03-03-2020,IN,Kolkata,pm25,85,95,185,155,4990.15
03-03-2020,IN,Kolkata,pressure,23,1006.2,1010.5,1007.2,11.93
03-03-2020,IN,Kolkata,co,78,2.2,21.5,5.6,188.56
03-03-2020,IN,Kolkata,pm10,78,56,155,75,5253.96
03-03-2020,IN,Kolkata,o3,72,1.4,36.6,8.7,645.46
03-03-2020,IN,Kolkata,so2,76,0.4,13.8,3.4,109.93
03-03-2020,IN,Kolkata,humidity,23,63.3,86.6,71.6,417.53
04-03-2020,IN,Kolkata,temperature,60,20,26,21.3,45.55
04-03-2020,IN,Kolkata,wind speed,62,0.1,6.6,0.7,22.7
04-03-2020,IN,Kolkata,no2,240,1.6,43,13.6,828.85
04-03-2020,IN,Kolkata,dew,71,17,21,19.5,23.68
04-03-2020,IN,Kolkata,pm25,264,2,175,134,7725.87
04-03-2020,IN,Kolkata,pressure,61,1004,1013,1008.6,35.01
04-03-2020,IN,Kolkata,co,240,1.6,26.3,4.5,129.86
04-03-2020,IN,Kolkata,pm10,240,1,172,65,3244.17
04-03-2020,IN,Kolkata,o3,232,0.8,148.8,12.5,2420.56
04-03-2020,IN,Kolkata,so2,240,0.1,83.9,6.3,1092.24
04-03-2020,IN,Kolkata,humidity,61,62.4,88.3,73.2,328.74
05-03-2020,IN,Kolkata,temperature,264,17.5,29.1,21.1,104.14
05-03-2020,IN,Kolkata,wind speed,261,0,5.4,0.7,13.1
05-03-2020,IN,Kolkata,no2,239,0.1,42.8,16.3,827.42
05-03-2020,IN,Kolkata,dew,210,16.5,20,19,12.52
05-03-2020,IN,Kolkata,pm25,260,23,171,97,6699.79
05-03-2020,IN,Kolkata,pressure,263,1004.4,1014,1008,37.88
05-03-2020,IN,Kolkata,co,239,1,25.1,4.6,196
05-03-2020,IN,Kolkata,pm10,238,2,165,57,4041.14
05-03-2020,IN,Kolkata,o3,239,0.1,99.3,8.6,1522.25
05-03-2020,IN,Kolkata,so2,238,0.5,116.4,5,1572.98
05-03-2020,IN,Kolkata,humidity,263,43.9,99,80.9,2222.42
06-03-2020,IN,Kolkata,temperature,264,20,28.7,24,73.86
06-03-2020,IN,Kolkata,wind speed,258,0,5.9,0.7,12.33
06-03-2020,IN,Kolkata,no2,236,2.4,49.1,14.1,610.92
06-03-2020,IN,Kolkata,dew,201,19,23,21,11.82
06-03-2020,IN,Kolkata,pm25,262,19,157,102,7725.03
06-03-2020,IN,Kolkata,pressure,264,1006.2,1014,1009.2,32.36
06-03-2020,IN,Kolkata,co,240,1.5,32.8,4.7,201.18
06-03-2020,IN,Kolkata,pm10,239,15,107,60,2969.28
06-03-2020,IN,Kolkata,o3,237,0.1,139.3,7.2,2293.66
06-03-2020,IN,Kolkata,so2,240,0.1,53.1,4.6,462.29
06-03-2020,IN,Kolkata,humidity,264,41.3,99,83.2,2479.4
07-03-2020,IN,Kolkata,temperature,264,19,27,22.5,38.5
07-03-2020,IN,Kolkata,wind speed,261,0,4.2,0.6,10.63
07-03-2020,IN,Kolkata,no2,240,3.2,31.6,12.3,474.11
07-03-2020,IN,Kolkata,dew,264,19,23,21,13.38
07-03-2020,IN,Kolkata,pm25,264,45,155,97,7828.47
07-03-2020,IN,Kolkata,pressure,264,1002.4,1016,1010.4,42.73
07-03-2020,IN,Kolkata,co,240,1.4,23.5,5,157.32
07-03-2020,IN,Kolkata,pm10,240,2,93,53,3247.14
07-03-2020,IN,Kolkata,o3,240,0.7,37.7,9.1,526.12
07-03-2020,IN,Kolkata,so2,240,0.5,30.8,3.7,200.24
07-03-2020,IN,Kolkata,humidity,264,61,100,90.5,1019.92
08-03-2020,IN,Kolkata,temperature,264,17.1,30.7,24,77.4
08-03-2020,IN,Kolkata,wind speed,259,0,5.5,0.5,13.8
08-03-2020,IN,Kolkata,no2,240,3.4,71.6,12.6,1687.23
08-03-2020,IN,Kolkata,dew,255,18.5,22,21,7.23
08-03-2020,IN,Kolkata,pm25,264,53,241,95,14791.6
08-03-2020,IN,Kolkata,pressure,264,1005.2,1014,1008.5,36.15
08-03-2020,IN,Kolkata,co,240,1,37.4,4.3,443.74
08-03-2020,IN,Kolkata,pm10,240,16,299,55,10805.6
08-03-2020,IN,Kolkata,o3,240,0.1,60.1,7.6,1605.01
08-03-2020,IN,Kolkata,so2,239,0.1,33.9,4.4,279.69
08-03-2020,IN,Kolkata,humidity,264,39.9,99,78.7,2862.99
09-03-2020,IN,Kolkata,temperature,264,18.5,29.7,23.5,107.61
09-03-2020,IN,Kolkata,wind speed,257,0,4.4,0.4,9.21
09-03-2020,IN,Kolkata,no2,240,3.5,55.6,13.9,1433.01
09-03-2020,IN,Kolkata,dew,246,15,17.5,16,4.66
09-03-2020,IN,Kolkata,pm25,264,68,259,138,11943
09-03-2020,IN,Kolkata,pressure,262,1005,1014,1008.3,32.93
09-03-2020,IN,Kolkata,co,238,0.2,34.3,4.3,349.4
09-03-2020,IN,Kolkata,pm10,240,17,355,72,14606.2
09-03-2020,IN,Kolkata,o3,239,0.8,84.5,12,3831.23
09-03-2020,IN,Kolkata,so2,238,0.1,35.6,5.1,268.28
09-03-2020,IN,Kolkata,humidity,264,33.8,99,58,3063.74
10-03-2020,IN,Kolkata,temperature,264,17.9,30.5,25,168.31
10-03-2020,IN,Kolkata,wind speed,253,0,3.5,0.4,5.94
10-03-2020,IN,Kolkata,no2,237,1.8,66.1,15,1425.96
10-03-2020,IN,Kolkata,dew,201,15,17,16,3.92
10-03-2020,IN,Kolkata,pm25,261,1,210,155,12030.4
10-03-2020,IN,Kolkata,pressure,264,1004.9,1014,1008.1,35
10-03-2020,IN,Kolkata,co,237,1.2,25.5,5.9,244.75
10-03-2020,IN,Kolkata,pm10,237,1,145,83,6465.05
10-03-2020,IN,Kolkata,o3,237,0.9,200.4,15.8,7324.51
10-03-2020,IN,Kolkata,so2,237,0.3,52.5,6,503.63
10-03-2020,IN,Kolkata,humidity,264,28.9,97.7,56.9,3515.58
11-03-2020,IN,Kolkata,temperature,264,21.5,32.5,25.5,95.65
11-03-2020,IN,Kolkata,wind speed,258,0,3.7,0.4,6.03
11-03-2020,IN,Kolkata,no2,238,3.4,52.3,13.6,986.25
11-03-2020,IN,Kolkata,dew,246,17,23,20.5,43.07
11-03-2020,IN,Kolkata,pm25,260,35,177,148,4656.22
11-03-2020,IN,Kolkata,pressure,261,1005.6,1013,1008.1,26.33
11-03-2020,IN,Kolkata,co,237,0.8,30.6,4.7,217.76
11-03-2020,IN,Kolkata,pm10,236,19,131,75,3064.45
11-03-2020,IN,Kolkata,o3,237,2.1,124.1,18,4203.68
11-03-2020,IN,Kolkata,so2,235,0.8,54.4,6.7,416.93
11-03-2020,IN,Kolkata,humidity,264,36.7,99,59.7,3354.67
12-03-2020,IN,Kolkata,temperature,264,21.9,32,27,119.25
12-03-2020,IN,Kolkata,wind speed,260,0,4.2,0.5,7.33
12-03-2020,IN,Kolkata,no2,238,3.5,45.5,15.6,882.63
12-03-2020,IN,Kolkata,dew,183,18.5,24,20,53.96
12-03-2020,IN,Kolkata,pm25,262,2,174,152,5758.19
12-03-2020,IN,Kolkata,pressure,264,1007.1,1015,1009.8,28.36
12-03-2020,IN,Kolkata,co,238,1.8,43.5,5,241.93
12-03-2020,IN,Kolkata,pm10,238,1,144,79,3342.9
12-03-2020,IN,Kolkata,o3,238,0.1,186.3,11.1,2783.8
12-03-2020,IN,Kolkata,so2,238,0.1,70.9,6.7,778.64
12-03-2020,IN,Kolkata,humidity,264,43.3,99,70.8,1674.87
13-03-2020,IN,Kolkata,temperature,264,21.1,34,29,161.55
13-03-2020,IN,Kolkata,wind speed,257,0,4.1,0.4,6.53
13-03-2020,IN,Kolkata,no2,239,3.4,63.8,16.4,1645.18
13-03-2020,IN,Kolkata,dew,264,20.5,25,22.5,14.2
13-03-2020,IN,Kolkata,pm25,262,34,189,151,6313.2
13-03-2020,IN,Kolkata,pressure,264,1006.2,1015.5,1010,35.96
13-03-2020,IN,Kolkata,co,239,2.4,37.2,5.4,237.09
13-03-2020,IN,Kolkata,pm10,238,17,167,76,4201.53
13-03-2020,IN,Kolkata,o3,239,0.1,109.5,9.2,4658.32
13-03-2020,IN,Kolkata,so2,239,0.2,45.9,6.6,458.86
13-03-2020,IN,Kolkata,humidity,264,38.4,100,64.3,3257.11
14-03-2020,IN,Kolkata,temperature,264,19,31.3,24.5,104.06
14-03-2020,IN,Kolkata,wind speed,249,0.1,7.7,1.4,22.12
14-03-2020,IN,Kolkata,no2,220,0.1,29.2,10.8,295.14
14-03-2020,IN,Kolkata,dew,237,16,21.5,20,36.18
14-03-2020,IN,Kolkata,pm25,247,1,186,123,19115.2
14-03-2020,IN,Kolkata,pressure,237,1007.2,1015,1010.4,30.11
14-03-2020,IN,Kolkata,co,223,1.2,21.8,3.7,109.14
14-03-2020,IN,Kolkata,pm10,223,1,156,71,5197.09
14-03-2020,IN,Kolkata,o3,223,3.9,56.6,22.3,1159.44
14-03-2020,IN,Kolkata,so2,222,0.2,56.3,5.1,277.01
14-03-2020,IN,Kolkata,humidity,249,40,88,61.8,1027.66
15-03-2020,IN,Kolkata,temperature,264,18,30.8,24,155.02
15-03-2020,IN,Kolkata,wind speed,237,0,5.1,0.7,13.89
15-03-2020,IN,Kolkata,no2,216,0.3,40.2,11.2,820.79
15-03-2020,IN,Kolkata,dew,255,16,21,19,26.69
15-03-2020,IN,Kolkata,pm25,240,28,162,75,4467.14
15-03-2020,IN,Kolkata,pressure,240,1006.4,1015.5,1009.7,38.15
15-03-2020,IN,Kolkata,co,216,1.6,22.2,3.5,130.77
15-03-2020,IN,Kolkata,pm10,216,25,129,47,1906.2
15-03-2020,IN,Kolkata,o3,216,1,66.1,14.4,1871.27
15-03-2020,IN,Kolkata,so2,215,0.5,51.7,7.3,402.56
15-03-2020,IN,Kolkata,humidity,240,40.1,95.7,66.2,1985.78
16-03-2020,IN,Kolkata,temperature,264,20.8,31.4,25.8,95.58
16-03-2020,IN,Kolkata,wind speed,249,0,3.9,0.4,9.81
16-03-2020,IN,Kolkata,no2,228,0.4,57.1,15.8,1536.97
16-03-2020,IN,Kolkata,dew,174,18.5,22,20.5,15.17
16-03-2020,IN,Kolkata,pm25,246,30,179,150,7182.29
16-03-2020,IN,Kolkata,pressure,253,1007,1015.5,1009.8,31
16-03-2020,IN,Kolkata,co,228,1.5,62.6,6.3,370.3
16-03-2020,IN,Kolkata,pm10,222,10,154,79,4112.02
16-03-2020,IN,Kolkata,o3,228,0.1,206.8,11.6,5621.48
16-03-2020,IN,Kolkata,so2,228,0.4,56.7,8,964.68
16-03-2020,IN,Kolkata,humidity,253,43.8,95.8,66.8,1568.05
17-03-2020,IN,Kolkata,temperature,263,22.8,31.6,26.5,81.58
17-03-2020,IN,Kolkata,wind speed,256,0,4.4,0.5,9.67
17-03-2020,IN,Kolkata,no2,235,2.5,64,13.7,1784.86
17-03-2020,IN,Kolkata,dew,201,17,22,20,13.99
17-03-2020,IN,Kolkata,pm25,259,74,999,152,88428.6
17-03-2020,IN,Kolkata,pressure,263,1007.5,1016,1010.4,36.19
17-03-2020,IN,Kolkata,co,235,0.5,36.8,5.3,301.43
17-03-2020,IN,Kolkata,pm10,235,52,157,80,3742.51
17-03-2020,IN,Kolkata,o3,235,0.1,171.7,14.6,5252.67
17-03-2020,IN,Kolkata,so2,235,0.1,49.6,5.5,176.44
17-03-2020,IN,Kolkata,humidity,263,35.8,92.1,57.8,2559.62
18-03-2020,IN,Kolkata,temperature,264,21,32,25.5,113.67
18-03-2020,IN,Kolkata,wind speed,255,0,6.3,0.5,15.01
18-03-2020,IN,Kolkata,no2,237,0.3,78.6,14.8,2909.37
18-03-2020,IN,Kolkata,dew,228,18,22,19,12.31
18-03-2020,IN,Kolkata,pm25,261,44,514,160,11473.7
18-03-2020,IN,Kolkata,pressure,264,1004.1,1015,1009,40.98
18-03-2020,IN,Kolkata,co,237,1.8,33.6,5.7,357.94
18-03-2020,IN,Kolkata,pm10,237,15,999,94,76368.2
18-03-2020,IN,Kolkata,o3,226,0.3,177.9,12.6,5717.28
18-03-2020,IN,Kolkata,so2,234,1,54.9,7.6,639.75
18-03-2020,IN,Kolkata,humidity,264,31,92.4,54.4,2410.58
19-03-2020,IN,Kolkata,temperature,264,19.9,33,27.5,184.58
19-03-2020,IN,Kolkata,wind speed,247,0,6.4,0.3,8.34
19-03-2020,IN,Kolkata,no2,235,1.9,88.5,17.8,3056.42
19-03-2020,IN,Kolkata,dew,255,14,21,17.5,36.43
19-03-2020,IN,Kolkata,pm25,259,10,205,164,7238.68
19-03-2020,IN,Kolkata,pressure,257,1004.4,1014,1008.1,42.08
19-03-2020,IN,Kolkata,co,235,1.2,30,6.3,254.03
19-03-2020,IN,Kolkata,pm10,234,1,999,97,77484.2
19-03-2020,IN,Kolkata,o3,211,0.3,133.7,15.5,8419.18
19-03-2020,IN,Kolkata,so2,234,0.1,55.3,8.7,731.47
19-03-2020,IN,Kolkata,humidity,259,18.4,94.9,52,3778.42
20-03-2020,IN,Kolkata,temperature,264,21.5,32,26,129.51
20-03-2020,IN,Kolkata,wind speed,259,0,4.6,0.7,12.34
20-03-2020,IN,Kolkata,no2,239,0.2,102.5,12.3,2370.25
20-03-2020,IN,Kolkata,dew,192,10.5,18.5,17,58.86
20-03-2020,IN,Kolkata,pm25,263,42,183,108,8987.4
20-03-2020,IN,Kolkata,pressure,264,1002,1013,1007.4,43.97
20-03-2020,IN,Kolkata,co,239,0.7,28.8,3.9,272.4
20-03-2020,IN,Kolkata,pm10,239,2,158,60,5327.91
20-03-2020,IN,Kolkata,o3,215,0.8,79.2,19.9,3363.94
20-03-2020,IN,Kolkata,so2,237,0.1,60,7.9,947.1
20-03-2020,IN,Kolkata,humidity,264,19.3,79.4,49.5,2613.3
21-03-2020,IN,Kolkata,temperature,264,19,33.4,26.9,206.04
21-03-2020,IN,Kolkata,wind speed,258,0,8.7,0.8,16.42
21-03-2020,IN,Kolkata,no2,239,0.2,51.6,10.5,916.32
21-03-2020,IN,Kolkata,dew,264,16,23,20,40.34
21-03-2020,IN,Kolkata,pm25,263,5,189,115,12991
21-03-2020,IN,Kolkata,pressure,264,1003.8,1013.5,1007.7,39.5
21-03-2020,IN,Kolkata,co,240,0.9,20.6,3.3,128.32
21-03-2020,IN,Kolkata,pm10,239,13,152,62,4151.68
21-03-2020,IN,Kolkata,o3,216,0.7,82.8,17.7,2793.94
21-03-2020,IN,Kolkata,so2,236,0.1,31.7,6.4,375.6
21-03-2020,IN,Kolkata,humidity,264,28.5,99,64.2,3809.18
22-03-2020,IN,Kolkata,temperature,264,16,30,24.3,194.65
22-03-2020,IN,Kolkata,wind speed,261,0,7.7,0.9,14.82
22-03-2020,IN,Kolkata,no2,237,2,38.8,7.1,439.3
22-03-2020,IN,Kolkata,dew,255,15,21,18,34.43
22-03-2020,IN,Kolkata,pm25,261,30,104,59,1700.46
22-03-2020,IN,Kolkata,pressure,261,1005.9,1014.5,1009.2,32.65
22-03-2020,IN,Kolkata,wind gust,11,12.8,12.8,12.8,0
22-03-2020,IN,Kolkata,co,237,0.5,14.9,2.6,66.4
22-03-2020,IN,Kolkata,pm10,237,12,65,27,1278.53
22-03-2020,IN,Kolkata,o3,213,2.3,55.4,22.2,1507.01
22-03-2020,IN,Kolkata,so2,237,0.1,17.8,3.5,94.19
22-03-2020,IN,Kolkata,humidity,264,37.8,98.8,69,2696.83
23-03-2020,IN,Kolkata,temperature,264,20,32.2,24.5,177.05
23-03-2020,IN,Kolkata,wind speed,231,0,6.9,0.5,8.65
23-03-2020,IN,Kolkata,no2,214,2.2,24.3,8.4,203.56
23-03-2020,IN,Kolkata,dew,264,18,23,20,22.37
23-03-2020,IN,Kolkata,pm25,238,45,151,89,4356.83
23-03-2020,IN,Kolkata,pressure,240,1003.5,1013,1008,43.69
23-03-2020,IN,Kolkata,co,214,1.6,17.1,3.4,90.27
23-03-2020,IN,Kolkata,pm10,214,25,76,50,1099.7
23-03-2020,IN,Kolkata,o3,190,2.1,86.5,16.2,3743.25
23-03-2020,IN,Kolkata,so2,213,0.1,29,6,116.38
23-03-2020,IN,Kolkata,humidity,240,29,98.9,68.5,3843.08
24-03-2020,IN,Kolkata,temperature,264,20,32.8,25.5,154.44
24-03-2020,IN,Kolkata,wind speed,252,0,3.4,0.4,5.71
24-03-2020,IN,Kolkata,no2,232,2.1,28.9,6.3,142.81
24-03-2020,IN,Kolkata,dew,246,19,23.5,20,22.54
24-03-2020,IN,Kolkata,pm25,256,49,155,95,6829.51
24-03-2020,IN,Kolkata,pressure,259,1002.5,1012,1006.2,42.78
24-03-2020,IN,Kolkata,co,232,1.3,17.5,3.7,88.67
24-03-2020,IN,Kolkata,pm10,232,16,85,49,1483.5
24-03-2020,IN,Kolkata,o3,208,2.8,67.8,13.8,1865.98
24-03-2020,IN,Kolkata,so2,227,0.1,18.1,5.3,71.46
24-03-2020,IN,Kolkata,humidity,259,35.5,100,66,3900.92
25-03-2020,IN,Kolkata,temperature,264,21,33.5,27.5,154.59
25-03-2020,IN,Kolkata,wind speed,258,0,3.8,0.4,8.19
25-03-2020,IN,Kolkata,no2,238,1.9,23.7,6.6,209.02
25-03-2020,IN,Kolkata,dew,264,19,25,22,38.2
25-03-2020,IN,Kolkata,pm25,260,6,168,129,10637.1
25-03-2020,IN,Kolkata,pressure,264,1001.7,1011,1005.3,31.96
25-03-2020,IN,Kolkata,co,238,1.1,17.7,3.5,148.68
25-03-2020,IN,Kolkata,pm10,238,32,139,60,1422.85
25-03-2020,IN,Kolkata,o3,214,0.1,57.9,12.5,1798.35
25-03-2020,IN,Kolkata,so2,232,0.1,29.9,5.9,286.63
25-03-2020,IN,Kolkata,humidity,264,37.7,99,70.1,3668.93
26-03-2020,IN,Kolkata,temperature,264,23.8,35.2,28,144.51
26-03-2020,IN,Kolkata,wind speed,259,0,4.3,0.4,8.77
26-03-2020,IN,Kolkata,no2,240,1.7,36.9,5.9,298.62
26-03-2020,IN,Kolkata,dew,264,16,26,21,80.3
26-03-2020,IN,Kolkata,pm25,244,5,208,93,12006.2
26-03-2020,IN,Kolkata,pressure,263,1003.3,1011,1006.4,31.09
26-03-2020,IN,Kolkata,co,239,1,18.6,3.4,134.99
26-03-2020,IN,Kolkata,pm10,240,18,208,51,5991.13
26-03-2020,IN,Kolkata,o3,216,3.2,63,14.2,2030.49
26-03-2020,IN,Kolkata,so2,235,0.1,28,3.6,79.04
26-03-2020,IN,Kolkata,humidity,264,23,99.1,55.5,7597.48
27-03-2020,IN,Kolkata,temperature,264,22.9,36,29.4,151.45
27-03-2020,IN,Kolkata,wind speed,261,0,3.9,0.4,8.69
27-03-2020,IN,Kolkata,no2,235,1.9,19.5,6.6,113.68
27-03-2020,IN,Kolkata,dew,264,16,23,19,45.36
27-03-2020,IN,Kolkata,pm25,236,1,169,118,16085.3
27-03-2020,IN,Kolkata,pressure,256,1003.8,1012,1007,30.18
27-03-2020,IN,Kolkata,co,235,0.5,21.1,3.8,114
27-03-2020,IN,Kolkata,pm10,235,27,136,64,1298.34
27-03-2020,IN,Kolkata,o3,209,0.7,67.9,20.6,2083.9
27-03-2020,IN,Kolkata,so2,228,0.1,38,5.7,236.6
27-03-2020,IN,Kolkata,humidity,262,20.9,99,45.6,5761.82
28-03-2020,IN,Kolkata,temperature,264,24.7,36,31.4,114.17
28-03-2020,IN,Kolkata,wind speed,246,0,3.8,0.5,10.1
28-03-2020,IN,Kolkata,no2,222,0.3,23.4,6.9,145
28-03-2020,IN,Kolkata,dew,264,19,25,21,34.56
28-03-2020,IN,Kolkata,pm25,224,4,159,115,13350.8
28-03-2020,IN,Kolkata,pressure,241,1001.4,1011,1005.5,44.4
28-03-2020,IN,Kolkata,co,220,1.4,18.8,4,112.5
28-03-2020,IN,Kolkata,pm10,220,20,85,61,892.94
28-03-2020,IN,Kolkata,o3,196,4.8,69,19.9,1876.79
28-03-2020,IN,Kolkata,so2,219,0.3,30.8,5.5,114.35
28-03-2020,IN,Kolkata,humidity,244,27.2,98,49.3,4454.32
29-03-2020,IN,Kolkata,temperature,253,25.5,35.5,29.5,86.26
29-03-2020,IN,Kolkata,wind speed,227,0,4.6,0.6,12.9
29-03-2020,IN,Kolkata,no2,207,2.6,22.4,6.6,121.24
29-03-2020,IN,Kolkata,dew,208,18,24,19,33.07
29-03-2020,IN,Kolkata,pm25,207,9,161,94,15769.6
29-03-2020,IN,Kolkata,pressure,230,1001.8,1011,1005.3,38.63
29-03-2020,IN,Kolkata,co,207,0.6,17.6,4,101.51
29-03-2020,IN,Kolkata,pm10,193,4,99,55,2593.53
29-03-2020,IN,Kolkata,o3,184,7.1,77.9,23.7,2072.29
29-03-2020,IN,Kolkata,so2,206,0.1,22.4,5,47.85
29-03-2020,IN,Kolkata,humidity,230,29.6,85.2,45.3,2298.24
30-03-2020,IN,Kolkata,temperature,256,23,35,30.4,126.92
30-03-2020,IN,Kolkata,wind speed,222,0,4.2,0.4,9.61
30-03-2020,IN,Kolkata,no2,205,2.8,21.2,7.5,153.16
30-03-2020,IN,Kolkata,dew,243,13,23,17.5,78.91
30-03-2020,IN,Kolkata,pm25,205,4,159,102,14689.5
30-03-2020,IN,Kolkata,pressure,207,1002.9,1012,1006.2,37.93
30-03-2020,IN,Kolkata,co,205,0.5,16,3.9,102.41
30-03-2020,IN,Kolkata,pm10,184,4,92,59,1440.71
30-03-2020,IN,Kolkata,o3,184,3.9,91,23.4,2885.04
30-03-2020,IN,Kolkata,so2,206,0.1,15.7,5.5,64.36
30-03-2020,IN,Kolkata,humidity,234,21,91.2,39.2,3884.34
30-03-2020,IN,Kolkata,wind-speed,222,0,4.2,0.4,9.61
31-03-2020,IN,Kolkata,temperature,240,22.8,36,29.3,152.03
31-03-2020,IN,Kolkata,wind speed,213,0,4.3,0.4,10.37
31-03-2020,IN,Kolkata,no2,196,3.9,28.9,7.8,248.25
31-03-2020,IN,Kolkata,dew,208,12.5,20,16.5,47.22
31-03-2020,IN,Kolkata,pm25,196,3,168,111,18878.6
31-03-2020,IN,Kolkata,pressure,220,1002.8,1012,1006.5,40.2
31-03-2020,IN,Kolkata,co,196,0.3,28.8,4.1,160.38
31-03-2020,IN,Kolkata,pm10,173,1,97,61,1443.94
31-03-2020,IN,Kolkata,o3,172,6,84.4,21,2518.71
31-03-2020,IN,Kolkata,so2,194,0.8,20.8,5.7,64.16
31-03-2020,IN,Kolkata,humidity,220,19.7,92.3,45.5,4011.8
31-03-2020,IN,Kolkata,wind-speed,213,0,4.3,0.4,10.37
01-04-2020,IN,Kolkata,temperature,251,25.1,38,29.5,172.45
01-04-2020,IN,Kolkata,no2,216,3.4,23.3,6.3,68.31
01-04-2020,IN,Kolkata,dew,251,19,26,22,44.52
01-04-2020,IN,Kolkata,pm25,216,8,160,125,14367.5
01-04-2020,IN,Kolkata,pressure,240,1000.6,1010,1005,38.08
01-04-2020,IN,Kolkata,co,216,2,19,3.7,139.46
01-04-2020,IN,Kolkata,pm10,192,43,87,61,613.39
01-04-2020,IN,Kolkata,o3,192,4.8,98.6,24.8,3083.11
01-04-2020,IN,Kolkata,so2,212,0.1,20.1,5.8,155.54
01-04-2020,IN,Kolkata,humidity,240,28.1,99,59.5,3811.23
01-04-2020,IN,Kolkata,wind-speed,235,0,4.6,0.7,10.96
02-04-2020,IN,Kolkata,temperature,264,23.3,36.5,29.5,152.93
02-04-2020,IN,Kolkata,no2,216,3.3,16.4,6,65.47
02-04-2020,IN,Kolkata,dew,246,20,27,25,66.88
02-04-2020,IN,Kolkata,pm25,216,8,153,109,9992.36
02-04-2020,IN,Kolkata,pressure,240,999.7,1009,1003.7,33.92
02-04-2020,IN,Kolkata,co,216,1.5,20.9,3.4,165.07
02-04-2020,IN,Kolkata,pm10,192,38,96,54,643.15
02-04-2020,IN,Kolkata,o3,192,7.1,72,20.1,1666.29
02-04-2020,IN,Kolkata,so2,210,0.1,19.7,4.5,65.89
02-04-2020,IN,Kolkata,humidity,240,36.6,98.7,68.4,2054.74
02-04-2020,IN,Kolkata,wind-speed,236,0,5.6,0.7,11.29
03-04-2020,IN,Kolkata,temperature,264,26,36,30.5,102.22
03-04-2020,IN,Kolkata,no2,216,3.3,28.2,6.1,195.23
03-04-2020,IN,Kolkata,dew,228,22,27,25,17.8
03-04-2020,IN,Kolkata,pm25,216,9,169,107,16545
03-04-2020,IN,Kolkata,pressure,240,1001.9,1010,1005.2,34.86
03-04-2020,IN,Kolkata,co,216,1.6,20.7,4,172.44
03-04-2020,IN,Kolkata,pm10,192,34,999,59,59005.7
03-04-2020,IN,Kolkata,o3,192,4.6,87,18.4,2783.08
03-04-2020,IN,Kolkata,so2,212,0.1,14.9,4.6,53.32
03-04-2020,IN,Kolkata,humidity,240,32.6,98.8,61.7,3448.21
03-04-2020,IN,Kolkata,wind-speed,234,0,3.7,0.4,7.18
04-04-2020,IN,Kolkata,temperature,264,24.6,37,30.5,131.94
04-04-2020,IN,Kolkata,no2,217,3.5,22,7.2,116.61
04-04-2020,IN,Kolkata,dew,246,16,26.5,21,72.38
04-04-2020,IN,Kolkata,pm25,209,4,178,144,17310.9
04-04-2020,IN,Kolkata,pressure,241,1003,1012,1006.7,33.91
04-04-2020,IN,Kolkata,co,217,1.2,17.7,4.3,80.16
04-04-2020,IN,Kolkata,pm10,193,39,999,72,133443
04-04-2020,IN,Kolkata,o3,193,6.9,81.6,26.2,2996.49
04-04-2020,IN,Kolkata,so2,214,0.1,22.1,6,74.71
04-04-2020,IN,Kolkata,humidity,241,21.3,92,48,4862.72
04-04-2020,IN,Kolkata,wind-speed,237,0,3.8,0.6,6.97
05-04-2020,IN,Kolkata,temperature,264,26.9,37,30.5,103.08
05-04-2020,IN,Kolkata,no2,216,0.4,14.2,5.7,56.11
05-04-2020,IN,Kolkata,dew,255,16,27,22.5,152.66
05-04-2020,IN,Kolkata,pm25,215,4,165,119,10798.9
05-04-2020,IN,Kolkata,pressure,240,1003.3,1012,1007,33.01
05-04-2020,IN,Kolkata,co,216,1.3,8.6,3.9,17.87
05-04-2020,IN,Kolkata,pm10,199,15,89,62,1549.48
05-04-2020,IN,Kolkata,o3,192,6.8,85.2,20,2366.55
05-04-2020,IN,Kolkata,so2,214,0.1,16.9,4.8,67.85
05-04-2020,IN,Kolkata,humidity,240,20.2,98.7,64.1,5800.44
05-04-2020,IN,Kolkata,wind-speed,238,0,5,0.4,10.37
06-04-2020,IN,Kolkata,temperature,264,25,38,30,167.66
06-04-2020,IN,Kolkata,no2,232,0.6,32.8,5.5,352.88
06-04-2020,IN,Kolkata,dew,255,9,25.5,17.5,395.03
06-04-2020,IN,Kolkata,pm25,255,14,169,106,10639.9
06-04-2020,IN,Kolkata,pressure,250,957.3,1012,1006.3,141.88
06-04-2020,IN,Kolkata,co,232,0.8,13.3,3.6,29.15
06-04-2020,IN,Kolkata,pm10,231,14,93,56,1591.35
06-04-2020,IN,Kolkata,o3,208,5.2,62.3,18,1457.49
06-04-2020,IN,Kolkata,so2,231,0.3,27.9,4.8,136.78
06-04-2020,IN,Kolkata,humidity,256,12,99,48.8,9634.18
06-04-2020,IN,Kolkata,wind-speed,250,0,4.7,0.5,13.71
07-04-2020,IN,Kolkata,temperature,264,25.5,39,30.5,173.5
07-04-2020,IN,Kolkata,no2,240,0.5,17.6,4.5,86.87
07-04-2020,IN,Kolkata,dew,264,14,25,21.5,83.61
07-04-2020,IN,Kolkata,pm25,264,53,160,107,4302.32
07-04-2020,IN,Kolkata,pressure,255,1000.3,1010,1004.4,40.02
07-04-2020,IN,Kolkata,co,240,1.5,6.5,3.4,10.83
07-04-2020,IN,Kolkata,pm10,240,24,87,59,561.77
07-04-2020,IN,Kolkata,o3,216,4.3,50.5,22.4,1189.06
07-04-2020,IN,Kolkata,so2,238,0.4,23.6,6,145.92
07-04-2020,IN,Kolkata,humidity,264,15.9,95.2,58.9,3879.72
07-04-2020,IN,Kolkata,wind-speed,264,0,6.9,1,16.91
08-04-2020,IN,Kolkata,temperature,264,25.6,36,29,80.24
08-04-2020,IN,Kolkata,no2,240,0.6,17.5,4.7,104.66
08-04-2020,IN,Kolkata,dew,255,14.5,24,20,65.96
08-04-2020,IN,Kolkata,pm25,264,29,151,78,3186.08
08-04-2020,IN,Kolkata,pressure,264,1001.9,1011,1005.4,36.6
08-04-2020,IN,Kolkata,co,240,0.2,5.9,3.2,13.34
08-04-2020,IN,Kolkata,pm10,240,10,109,47,1664.51
08-04-2020,IN,Kolkata,o3,216,4.4,45.7,26.4,1349.34
08-04-2020,IN,Kolkata,so2,240,0.6,20.3,4.7,105.52
08-04-2020,IN,Kolkata,humidity,264,28.9,86.2,44.5,2484.62
08-04-2020,IN,Kolkata,wind-speed,263,0,5.9,0.8,14.32
08-04-2020,IN,Kolkata,wind-gust,11,11.8,11.8,11.8,0
09-04-2020,IN,Kolkata,temperature,264,24.4,36,28,124.13
09-04-2020,IN,Kolkata,no2,239,0.9,15.9,5.3,96.63
09-04-2020,IN,Kolkata,dew,264,14,22,18,50.26
09-04-2020,IN,Kolkata,pm25,262,6,127,68,2813.49
09-04-2020,IN,Kolkata,pressure,262,1002.6,1010.5,1005.9,29.21
09-04-2020,IN,Kolkata,co,239,0.9,6.1,2.9,12.98
09-04-2020,IN,Kolkata,pm10,239,14,64,40,824.53
09-04-2020,IN,Kolkata,o3,215,9.3,63.1,26.7,1160.54
09-04-2020,IN,Kolkata,so2,239,1.1,45.5,5.4,251.64
09-04-2020,IN,Kolkata,humidity,263,26.5,80.8,45.5,1548.65
09-04-2020,IN,Kolkata,wind-speed,260,0,4.6,0.7,9.41
10-04-2020,IN,Kolkata,temperature,264,24.7,36.5,28.5,138.35
10-04-2020,IN,Kolkata,no2,216,0.7,20.8,3.9,88.41
10-04-2020,IN,Kolkata,dew,264,21,26,24,28.79
10-04-2020,IN,Kolkata,pm25,219,4,109,64,2176.61
10-04-2020,IN,Kolkata,pressure,240,1004.2,1013,1007.3,32.6
10-04-2020,IN,Kolkata,co,217,1.4,6.9,3.1,14.14
10-04-2020,IN,Kolkata,pm10,216,8,64,35,1233.49
10-04-2020,IN,Kolkata,o3,192,6,44.6,18.1,684.28
10-04-2020,IN,Kolkata,so2,216,1,17.4,3.8,78.01
10-04-2020,IN,Kolkata,humidity,240,26.6,99,76.1,3991.77
10-04-2020,IN,Kolkata,wind-speed,240,0,6.1,1.1,13.7
11-04-2020,IN,Kolkata,temperature,264,24.5,37,29,151.64
11-04-2020,IN,Kolkata,no2,229,0.5,12.6,3.7,63.08
11-04-2020,IN,Kolkata,dew,192,19,27.5,24,67
11-04-2020,IN,Kolkata,pm25,220,8,127,66,3997.34
11-04-2020,IN,Kolkata,pressure,251,1003.2,1013,1008.1,43.28
11-04-2020,IN,Kolkata,co,229,1.3,6.5,2.9,11.43
11-04-2020,IN,Kolkata,pm10,229,7,69,40,1806.35
11-04-2020,IN,Kolkata,o3,207,4.7,42.4,16,663.33
11-04-2020,IN,Kolkata,so2,229,0.7,19.9,3.8,82.67
11-04-2020,IN,Kolkata,humidity,253,33.7,99,67.3,3734.85
11-04-2020,IN,Kolkata,wind-speed,253,0,7.2,1,14.88
12-04-2020,IN,Kolkata,temperature,264,24,34,28.2,107.03
12-04-2020,IN,Kolkata,no2,240,0.6,9.5,3.7,36.11
12-04-2020,IN,Kolkata,dew,264,18,28,25.5,120.31
12-04-2020,IN,Kolkata,pm25,216,50,121,75,1919.11
12-04-2020,IN,Kolkata,pressure,264,1002.2,1012,1006.5,41.38
12-04-2020,IN,Kolkata,co,239,0.8,6.6,3,14.47
12-04-2020,IN,Kolkata,pm10,240,24,74,52,777.1
12-04-2020,IN,Kolkata,o3,216,5.8,27.9,16.7,255.91
12-04-2020,IN,Kolkata,so2,239,0.1,8.2,3.4,31.25
12-04-2020,IN,Kolkata,humidity,264,48,98.8,69.1,1198.71
12-04-2020,IN,Kolkata,wind-speed,264,0,4.4,0.9,10.23
13-04-2020,IN,Kolkata,temperature,264,26,35.5,28.6,108.14
13-04-2020,IN,Kolkata,no2,240,0.5,8.3,3.5,36.41
13-04-2020,IN,Kolkata,dew,237,25,28,26.5,7.78
13-04-2020,IN,Kolkata,pm25,216,36,151,76,4634.18
13-04-2020,IN,Kolkata,pressure,264,1000.5,1010,1004.7,35.96
13-04-2020,IN,Kolkata,co,240,0.9,7.2,3.3,17.45
13-04-2020,IN,Kolkata,pm10,240,15,75,46,1640.89
13-04-2020,IN,Kolkata,o3,216,5.3,39.4,13.5,726.58
13-04-2020,IN,Kolkata,so2,240,0.2,11.4,3.2,47.64
13-04-2020,IN,Kolkata,humidity,264,42.6,98.8,81.4,2467.86
13-04-2020,IN,Kolkata,wind-speed,264,0,5.1,0.8,10.61
14-04-2020,IN,Kolkata,temperature,264,26,36.5,29.5,123.08
14-04-2020,IN,Kolkata,no2,240,0.2,7.9,2.7,27.87
14-04-2020,IN,Kolkata,dew,219,25.5,28,27,6.56
14-04-2020,IN,Kolkata,pm25,216,51,170,78,5502.64
14-04-2020,IN,Kolkata,pressure,264,1001.7,1010,1005.7,32.24
14-04-2020,IN,Kolkata,co,240,1,6.4,3.2,15.07
14-04-2020,IN,Kolkata,pm10,237,6,353,45,6619.43
14-04-2020,IN,Kolkata,o3,216,4.3,30.7,12.6,349.99
14-04-2020,IN,Kolkata,so2,240,0.1,11.2,2.8,30.25
14-04-2020,IN,Kolkata,humidity,264,46.7,98.8,80.7,2310.48
14-04-2020,IN,Kolkata,wind-speed,264,0.1,5.6,0.9,12.74
15-04-2020,IN,Kolkata,temperature,264,22.3,34.6,27.6,118.08
15-04-2020,IN,Kolkata,no2,240,0.5,13.9,3.9,59.85
15-04-2020,IN,Kolkata,dew,255,20,29,25.5,62.11
15-04-2020,IN,Kolkata,pm25,233,38,172,74,6798.91
15-04-2020,IN,Kolkata,pressure,264,1001.8,1011,1006.2,36.08
15-04-2020,IN,Kolkata,co,240,0.9,7,3.3,16.05
15-04-2020,IN,Kolkata,pm10,234,1,353,50,14242.1
15-04-2020,IN,Kolkata,o3,216,3.9,33.2,14.4,452.4
15-04-2020,IN,Kolkata,so2,240,0.4,10.4,3.7,45.38
15-04-2020,IN,Kolkata,humidity,264,54.2,99,76.2,1610.73
15-04-2020,IN,Kolkata,wind-speed,263,0,6.1,0.8,11.11
16-04-2020,IN,Kolkata,temperature,264,22,33.3,28,137.74
16-04-2020,IN,Kolkata,no2,240,1.1,13.7,5.1,82.5
16-04-2020,IN,Kolkata,dew,207,21,27,24,45.39
16-04-2020,IN,Kolkata,pm25,264,39,279,86,5572.26
16-04-2020,IN,Kolkata,pressure,264,999.7,1010,1004.2,46.75
16-04-2020,IN,Kolkata,co,240,1.5,11.4,3.4,23.19
16-04-2020,IN,Kolkata,pm10,240,29,257,52,4599.73
16-04-2020,IN,Kolkata,o3,216,1.8,36,12.6,673.87
16-04-2020,IN,Kolkata,so2,238,0.1,10.7,3.8,40.38
16-04-2020,IN,Kolkata,humidity,264,51.3,98.7,75.6,1609.16
16-04-2020,IN,Kolkata,wind-speed,262,0,5.1,0.7,8.81
17-04-2020,IN,Kolkata,temperature,264,25.5,36,29,95.5
17-04-2020,IN,Kolkata,no2,234,0.9,9.4,4,35.75
17-04-2020,IN,Kolkata,dew,237,22,28.5,26.5,30.25
17-04-2020,IN,Kolkata,pm25,258,6,108,73,2205.82
17-04-2020,IN,Kolkata,pressure,258,999.3,1008,1002.8,33.92
17-04-2020,IN,Kolkata,co,234,1.4,6.5,3,12.77
17-04-2020,IN,Kolkata,pm10,234,18,63,42,796.48
17-04-2020,IN,Kolkata,o3,210,5.1,31,14.5,355.58
17-04-2020,IN,Kolkata,so2,234,0.9,8.6,3.9,31.66
17-04-2020,IN,Kolkata,humidity,258,50.6,97.4,72,1121.24
17-04-2020,IN,Kolkata,wind-speed,258,0,5.9,1.3,15.55
18-04-2020,IN,Kolkata,temperature,264,25.2,33,28.5,49.57
18-04-2020,IN,Kolkata,no2,227,0.9,12.7,4.5,50.48
18-04-2020,IN,Kolkata,dew,237,21,28.5,27,48.19
18-04-2020,IN,Kolkata,pm25,251,13,170,61,3288.2
18-04-2020,IN,Kolkata,pressure,251,1001,1771,1004.6,23432.3
18-04-2020,IN,Kolkata,co,227,1.2,10.1,3.1,15.84
18-04-2020,IN,Kolkata,pm10,227,12,153,32,1549.71
18-04-2020,IN,Kolkata,o3,203,4.7,26.9,12.7,358.39
18-04-2020,IN,Kolkata,so2,227,0.6,12.3,4.7,43.89
18-04-2020,IN,Kolkata,humidity,251,48,98.6,75.9,1106.12
18-04-2020,IN,Kolkata,wind-speed,251,0,9.2,1,17.09
18-04-2020,IN,Kolkata,wind-gust,11,15.4,15.4,15.4,0
19-04-2020,IN,Kolkata,temperature,256,24.3,35,29,80.59
19-04-2020,IN,Kolkata,no2,227,0.9,19.2,3.9,73.47
19-04-2020,IN,Kolkata,dew,253,21,27,24,35.08
19-04-2020,IN,Kolkata,pm25,236,7,97,55,1890.54
19-04-2020,IN,Kolkata,pressure,250,1001.4,1011,1004.9,38.08
19-04-2020,IN,Kolkata,co,226,1.1,6.4,2.5,13.23
19-04-2020,IN,Kolkata,pm10,227,16,53,29,539.47
19-04-2020,IN,Kolkata,o3,203,0.3,35,21.7,503.45
19-04-2020,IN,Kolkata,so2,227,0.7,64.8,3.6,341.18
19-04-2020,IN,Kolkata,humidity,250,45.1,98.7,65.3,1468.6
19-04-2020,IN,Kolkata,wind-speed,250,0,7.7,1.3,26.49
20-04-2020,IN,Kolkata,temperature,232,20,35,30,134.99
20-04-2020,IN,Kolkata,no2,225,0.8,8.5,3.7,30.39
20-04-2020,IN,Kolkata,dew,157,19,28,27,93.87
20-04-2020,IN,Kolkata,pm25,225,15,153,57,3448.71
20-04-2020,IN,Kolkata,pressure,243,1001.6,1011.5,1005.2,46.86
20-04-2020,IN,Kolkata,co,225,1,8.7,2.7,20.46
20-04-2020,IN,Kolkata,pm10,225,11,58,28,1017.23
20-04-2020,IN,Kolkata,o3,201,2.5,29.4,11.1,461.91
20-04-2020,IN,Kolkata,so2,223,0.3,51.1,3.4,150.16
20-04-2020,IN,Kolkata,humidity,244,55.7,98.7,79.5,1121.44
20-04-2020,IN,Kolkata,wind-speed,244,0,6.9,1.1,19.79
21-04-2020,IN,Kolkata,temperature,264,19.9,26.6,23.5,24.09
21-04-2020,IN,Kolkata,no2,240,1.5,22.5,5.4,106.52
21-04-2020,IN,Kolkata,dew,183,18,21,20,10.5
21-04-2020,IN,Kolkata,pm25,240,12,99,52,2929.3
21-04-2020,IN,Kolkata,pressure,264,1002.8,1013.5,1006.8,48.52
21-04-2020,IN,Kolkata,co,240,1.1,5.6,2.9,11.49
21-04-2020,IN,Kolkata,pm10,240,10,52,23,556.97
21-04-2020,IN,Kolkata,o3,216,0.6,32.5,15.8,497.46
21-04-2020,IN,Kolkata,so2,238,0.3,7.3,3,28.97
21-04-2020,IN,Kolkata,humidity,264,54.8,98.8,73.1,972.69
21-04-2020,IN,Kolkata,wind-speed,262,0,7.7,0.8,19.71
21-04-2020,IN,Kolkata,wind-gust,66,10.2,12.8,10.2,9.3
22-04-2020,IN,Kolkata,temperature,264,19.8,31.1,26.3,116.16
22-04-2020,IN,Kolkata,no2,240,1.1,11.3,5,57.08
22-04-2020,IN,Kolkata,dew,246,20,25,24,41.3
22-04-2020,IN,Kolkata,pm25,240,19,95,60,1491.85
22-04-2020,IN,Kolkata,pressure,264,1001.5,1011,1005.5,39.84
22-04-2020,IN,Kolkata,co,240,0.6,6.5,2.7,15.4
22-04-2020,IN,Kolkata,pm10,240,15,49,26,515.53
22-04-2020,IN,Kolkata,o3,216,0.6,154.8,12.6,1460.28
22-04-2020,IN,Kolkata,so2,240,0.9,18.8,4.5,80.71
22-04-2020,IN,Kolkata,humidity,264,55.2,98.7,79.1,1241.36
22-04-2020,IN,Kolkata,wind-speed,263,0,4.4,0.6,10.94
23-04-2020,IN,Kolkata,temperature,264,21,33.5,25,151.59
23-04-2020,IN,Kolkata,no2,233,0.9,11.7,4.4,49.18
23-04-2020,IN,Kolkata,dew,255,19.5,28,23.5,61.28
23-04-2020,IN,Kolkata,pm25,233,15,149,53,3745.54
23-04-2020,IN,Kolkata,pressure,257,999.8,1013.7,1004.8,44.25
23-04-2020,IN,Kolkata,co,233,0.6,6.9,2.7,18.42
23-04-2020,IN,Kolkata,pm10,233,10,54,24,851.2
23-04-2020,IN,Kolkata,o3,214,0.7,24.2,10.4,361.81
23-04-2020,IN,Kolkata,so2,233,0.2,16.2,3,46.74
23-04-2020,IN,Kolkata,humidity,257,52.8,98.8,85.3,1468.19
23-04-2020,IN,Kolkata,wind-speed,255,0,6.2,0.6,13.45
23-04-2020,IN,Kolkata,wind-gust,11,12.8,12.8,12.8,0
24-04-2020,IN,Kolkata,temperature,264,21.6,33,24.5,125.31
24-04-2020,IN,Kolkata,no2,216,0.9,13.3,3.7,46.51
24-04-2020,IN,Kolkata,dew,228,21,27.5,22,60.96
24-04-2020,IN,Kolkata,pm25,216,8,82,50,2602.01
24-04-2020,IN,Kolkata,pressure,240,999.4,1009.5,1004.5,50.17
24-04-2020,IN,Kolkata,co,216,1,6.3,2.9,12.73
24-04-2020,IN,Kolkata,pm10,216,3,43,23,579.29
24-04-2020,IN,Kolkata,o3,215,2.2,33.8,14,279.29
24-04-2020,IN,Kolkata,so2,216,1.2,17.7,3.2,53.77
24-04-2020,IN,Kolkata,humidity,240,57.4,98.8,81.2,1180.17
24-04-2020,IN,Kolkata,wind-speed,240,0,7.7,0.8,18.34
25-04-2020,IN,Kolkata,temperature,264,19.9,33.5,27.5,120.25
25-04-2020,IN,Kolkata,no2,201,1.1,12.3,4.2,41.04
25-04-2020,IN,Kolkata,dew,201,21,26,25,22.28
25-04-2020,IN,Kolkata,pm25,201,20,97,57,2147.6
25-04-2020,IN,Kolkata,pressure,225,1000.7,1009,1004.3,31.75
25-04-2020,IN,Kolkata,co,201,1.2,6.5,2.9,13.77
25-04-2020,IN,Kolkata,pm10,201,11,50,27,404.84
25-04-2020,IN,Kolkata,o3,192,2.2,33.8,18.8,359.15
25-04-2020,IN,Kolkata,so2,201,1.4,50.5,3.7,146.65
25-04-2020,IN,Kolkata,humidity,225,52,98.8,78.5,1676
25-04-2020,IN,Kolkata,wind-speed,224,0,6.6,0.7,9.97
26-04-2020,IN,Kolkata,temperature,264,16.5,32,26.3,62.53
26-04-2020,IN,Kolkata,no2,191,1.1,13.9,4.1,36.38
26-04-2020,IN,Kolkata,dew,246,22,26.5,24,12.07
26-04-2020,IN,Kolkata,pm25,192,21,91,61,1023
26-04-2020,IN,Kolkata,pressure,201,1003.5,1011.5,1006.6,30.81
26-04-2020,IN,Kolkata,co,192,0.9,6.4,3.1,13.66
26-04-2020,IN,Kolkata,pm10,192,10,52,26,559.23
26-04-2020,IN,Kolkata,o3,192,6,33.7,19.3,276.19
26-04-2020,IN,Kolkata,so2,192,2,9,3.5,12.28
26-04-2020,IN,Kolkata,humidity,215,46.3,98.8,79.6,1766.01
26-04-2020,IN,Kolkata,wind-speed,215,0,4.8,0.8,11.23
27-04-2020,IN,Kolkata,temperature,264,23,28.5,25.2,27.22
27-04-2020,IN,Kolkata,no2,203,0.6,10.5,4.2,28.87
27-04-2020,IN,Kolkata,dew,219,22,25,24,11.1
27-04-2020,IN,Kolkata,pm25,211,5,165,45,3028.01
27-04-2020,IN,Kolkata,pressure,226,1005.2,1017.2,1008.5,37.51
27-04-2020,IN,Kolkata,co,203,0.8,6.2,2.9,12.71
27-04-2020,IN,Kolkata,pm10,199,1,351,20,6163.53
27-04-2020,IN,Kolkata,o3,203,3.7,20.9,13.6,131.26
27-04-2020,IN,Kolkata,so2,203,0.8,5.4,2.9,7.07
27-04-2020,IN,Kolkata,humidity,227,67.1,98.8,85.2,778.88
27-04-2020,IN,Kolkata,wind-speed,219,0,4.3,0.6,9.19
28-04-2020,IN,Kolkata,temperature,263,23,27.6,24.9,9.2
28-04-2020,IN,Kolkata,no2,225,1.1,17.6,4.4,69.95
28-04-2020,IN,Kolkata,dew,228,22,25.5,23.5,11.46
28-04-2020,IN,Kolkata,pm25,249,4,75,34,2108.17
28-04-2020,IN,Kolkata,pressure,241,1003.2,1014.5,1007.1,37.25
28-04-2020,IN,Kolkata,co,225,1,6.7,2.9,18.57
28-04-2020,IN,Kolkata,pm10,225,3,41,17,591.16
28-04-2020,IN,Kolkata,o3,215,1,171.6,11.3,1888.64
28-04-2020,IN,Kolkata,so2,225,0.9,5.9,2.8,8.35
28-04-2020,IN,Kolkata,humidity,250,68.9,100,89.9,383.51
28-04-2020,IN,Kolkata,wind-speed,245,0,4.1,0.5,7.86
29-04-2020,IN,Kolkata,temperature,264,22,32.2,26.4,99.42
29-04-2020,IN,Kolkata,no2,237,1.3,17.8,4.8,92.81
29-04-2020,IN,Kolkata,dew,228,21,27,24,36.21
29-04-2020,IN,Kolkata,pm25,261,26,102,62,1719.74
29-04-2020,IN,Kolkata,pressure,262,1001.3,1010,1005.7,34.78
29-04-2020,IN,Kolkata,co,237,0.8,6.3,3.2,17.19
29-04-2020,IN,Kolkata,pm10,239,11,60,29,716.69
29-04-2020,IN,Kolkata,o3,213,0.7,36.7,16.1,737.3
29-04-2020,IN,Kolkata,so2,239,0.1,8.4,3.3,14.05
29-04-2020,IN,Kolkata,humidity,263,52.2,99,78.2,2054.04
29-04-2020,IN,Kolkata,wind-speed,256,0,4.8,0.5,7.86
30-04-2020,IN,Kolkata,temperature,264,24,34,27.5,85.82
30-04-2020,IN,Kolkata,no2,240,1,13.7,4.5,54.9
30-04-2020,IN,Kolkata,dew,228,23,25.5,24.5,5.47
30-04-2020,IN,Kolkata,pm25,264,21,90,55,1967.27
30-04-2020,IN,Kolkata,pressure,264,1001.6,1011,1005.8,34.23
30-04-2020,IN,Kolkata,co,240,1.1,6.2,2.5,16.88
30-04-2020,IN,Kolkata,pm10,240,13,50,27,619.78
30-04-2020,IN,Kolkata,o3,216,4.3,33.3,13.7,491.45
30-04-2020,IN,Kolkata,so2,240,0.7,19.1,3.7,60.43
30-04-2020,IN,Kolkata,humidity,264,50.3,98.9,78.4,2257.62
30-04-2020,IN,Kolkata,wind-speed,257,0,4.6,0.5,8.47
01-05-2020,IN,Kolkata,temperature,264,20.4,32,25,100.38
01-05-2020,IN,Kolkata,no2,237,1,13,4.1,42.04
01-05-2020,IN,Kolkata,dew,255,20,25.5,23,24.99
01-05-2020,IN,Kolkata,pm25,261,13,89,44,2096.1
01-05-2020,IN,Kolkata,pressure,261,993.1,1010,1005.1,50.64
01-05-2020,IN,Kolkata,co,237,0.5,5.7,2.4,12.51
01-05-2020,IN,Kolkata,pm10,237,6,66,22,767.56
01-05-2020,IN,Kolkata,o3,213,0.7,27,16.9,366.66
01-05-2020,IN,Kolkata,so2,237,0.6,11.6,3.2,17.35
01-05-2020,IN,Kolkata,humidity,261,54.8,99,87.8,1879.23
01-05-2020,IN,Kolkata,wind-speed,260,0,6.1,0.7,13.23
01-05-2020,IN,Kolkata,wind-gust,11,12.8,12.8,12.8,0
02-05-2020,IN,Kolkata,temperature,256,20.7,32,26.1,128.92
02-05-2020,IN,Kolkata,no2,240,1.6,12.1,5,61.29
02-05-2020,IN,Kolkata,dew,235,20,26,24,41.05
02-05-2020,IN,Kolkata,pm25,264,20,109,63,2512.01
02-05-2020,IN,Kolkata,pressure,263,999.2,1010,1003.7,43.3
02-05-2020,IN,Kolkata,co,240,1.3,6.9,3.4,17.75
02-05-2020,IN,Kolkata,pm10,240,10,57,31,834.91
02-05-2020,IN,Kolkata,o3,213,0.7,72,11.8,776.43
02-05-2020,IN,Kolkata,so2,240,0.3,8.2,3.1,12.73
02-05-2020,IN,Kolkata,humidity,263,55.5,100,85.6,1683.9
02-05-2020,IN,Kolkata,wind-speed,261,0,4.1,0.3,7.74
03-05-2020,IN,Kolkata,temperature,264,18.1,33.3,27.7,103.02
03-05-2020,IN,Kolkata,no2,240,0.7,17.5,4.6,62.43
03-05-2020,IN,Kolkata,dew,228,21,26,25,25.39
03-05-2020,IN,Kolkata,pm25,264,20,137,65,4874.46
03-05-2020,IN,Kolkata,pressure,264,999.9,1009,1003.6,33.72
03-05-2020,IN,Kolkata,co,240,0.5,8.8,3.1,27.62
03-05-2020,IN,Kolkata,pm10,240,7,69,29,1462.72
03-05-2020,IN,Kolkata,o3,213,0.7,36.3,16.6,707.73
03-05-2020,IN,Kolkata,so2,240,0.8,9.2,3.2,12.74
03-05-2020,IN,Kolkata,humidity,264,48.5,99,76.5,2030.02
03-05-2020,IN,Kolkata,wind-speed,258,0,3.3,0.3,4.63
04-05-2020,IN,Kolkata,temperature,264,25,35,28.5,78.61
04-05-2020,IN,Kolkata,no2,240,1.4,12.8,4.9,60.1
04-05-2020,IN,Kolkata,dew,264,24,28.5,26,17.77
04-05-2020,IN,Kolkata,pm25,264,19,129,71,2973.33
04-05-2020,IN,Kolkata,pressure,264,1001.3,1010,1004.6,32.01
04-05-2020,IN,Kolkata,co,240,0.7,6.9,3.1,15.26
04-05-2020,IN,Kolkata,pm10,240,21,70,39,920.14
04-05-2020,IN,Kolkata,o3,216,0.7,23.8,13.3,292.8
04-05-2020,IN,Kolkata,so2,240,0.6,6.7,3,10.99
04-05-2020,IN,Kolkata,humidity,264,59.5,99,81.9,1410.64
04-05-2020,IN,Kolkata,wind-speed,256,0,5.4,0.4,8.03
05-05-2020,IN,Kolkata,temperature,264,25,35,29.5,102.04
05-05-2020,IN,Kolkata,no2,240,0.9,12.9,4.3,52.26
05-05-2020,IN,Kolkata,dew,228,24,28,25.5,20.25
05-05-2020,IN,Kolkata,pm25,264,25,200,63,3118.12
05-05-2020,IN,Kolkata,pressure,264,1000,1009,1004,32.67
05-05-2020,IN,Kolkata,co,240,1,6.7,2.8,14.51
05-05-2020,IN,Kolkata,pm10,240,19,132,33,1337.93
05-05-2020,IN,Kolkata,o3,216,2.5,29.7,12.5,421.53
05-05-2020,IN,Kolkata,so2,240,0.2,7.4,3.4,15.71
05-05-2020,IN,Kolkata,humidity,264,50,99,80.3,2044.14
05-05-2020,IN,Kolkata,wind-speed,264,0,6.1,0.6,10.18
06-05-2020,IN,Kolkata,temperature,225,15.8,32.6,27.6,136.42
06-05-2020,IN,Kolkata,no2,199,0.7,17.8,4.3,82.23
06-05-2020,IN,Kolkata,dew,199,19,27,25,67.82
06-05-2020,IN,Kolkata,pm25,222,5,106,52,6530.4
06-05-2020,IN,Kolkata,pressure,222,1000.7,1010,1004.4,39.23
06-05-2020,IN,Kolkata,co,199,0.5,6.3,3.3,18.84
06-05-2020,IN,Kolkata,pm10,199,3,59,27,1324.22
06-05-2020,IN,Kolkata,o3,195,1.5,38.5,16.9,985.73
06-05-2020,IN,Kolkata,so2,199,0.1,16.2,3.1,59.32
06-05-2020,IN,Kolkata,humidity,224,55.8,99,85.5,1742.38
06-05-2020,IN,Kolkata,wind-speed,218,0,7.7,0.5,12
06-05-2020,IN,Kolkata,wind-gust,20,12.8,12.8,12.8,0
07-05-2020,IN,Kolkata,temperature,227,21.5,34,28,182.54
07-05-2020,IN,Kolkata,no2,191,0.4,12.3,3.5,47.6
07-05-2020,IN,Kolkata,dew,211,20,28,26,69.44
07-05-2020,IN,Kolkata,pm25,215,19,95,60,1551.75
07-05-2020,IN,Kolkata,pressure,215,1000.3,1010,1004.8,37.92
07-05-2020,IN,Kolkata,co,191,0.5,6.5,2.8,14.93
07-05-2020,IN,Kolkata,pm10,191,10,55,33,787.7
07-05-2020,IN,Kolkata,o3,191,3,39.5,18.5,694.27
07-05-2020,IN,Kolkata,so2,191,0.4,17.5,3,43.02
07-05-2020,IN,Kolkata,humidity,215,47.6,98.9,77.7,2236.79
07-05-2020,IN,Kolkata,wind-speed,209,0,6.9,0.7,10.11
07-05-2020,IN,Kolkata,wind-gust,20,11.3,15.4,11.3,44.24
08-05-2020,IN,Kolkata,temperature,240,21,35,29.5,214.69
08-05-2020,IN,Kolkata,no2,191,1,8.5,3.4,22.64
08-05-2020,IN,Kolkata,dew,195,20,27,25.5,49.17
08-05-2020,IN,Kolkata,pm25,215,13,999,62,256115
08-05-2020,IN,Kolkata,pressure,215,1000.1,1009,1004.1,35.88
08-05-2020,IN,Kolkata,co,191,1,6.7,3.2,12.39
08-05-2020,IN,Kolkata,pm10,191,10,58,30,1608.73
08-05-2020,IN,Kolkata,o3,191,7.2,37.4,20.3,415.78
08-05-2020,IN,Kolkata,so2,191,0.6,14.2,3.1,38.76
08-05-2020,IN,Kolkata,humidity,215,51.9,98.8,74.4,1938.34
08-05-2020,IN,Kolkata,wind-speed,215,0,5.1,1,11.84
09-05-2020,IN,Kolkata,temperature,222,26.5,37.5,31,124.7
09-05-2020,IN,Kolkata,no2,171,0.9,8.1,3.5,21.54
09-05-2020,IN,Kolkata,dew,204,24.5,29,26.5,12.79
09-05-2020,IN,Kolkata,pm25,195,13,999,73,416774
09-05-2020,IN,Kolkata,pressure,196,1000.4,1009,1004.1,33.8
09-05-2020,IN,Kolkata,co,172,1.1,7.1,3.1,13.43
09-05-2020,IN,Kolkata,pm10,171,22,100,42,1109.4
09-05-2020,IN,Kolkata,o3,171,3.2,49.1,20.2,1168.6
09-05-2020,IN,Kolkata,so2,172,0.2,14.2,3,44.47
09-05-2020,IN,Kolkata,humidity,197,36.6,99,70.1,3653.62
09-05-2020,IN,Kolkata,wind-speed,194,0,4.1,0.6,9.15
10-05-2020,IN,Kolkata,temperature,237,22,36,29.8,208.29
10-05-2020,IN,Kolkata,no2,188,1.1,7.2,3.3,20.35
10-05-2020,IN,Kolkata,dew,240,21,29.5,27,71.99
10-05-2020,IN,Kolkata,pm25,212,3,999,65,182217
10-05-2020,IN,Kolkata,pressure,198,999.8,1010.5,1004.7,48.29
10-05-2020,IN,Kolkata,co,188,1.1,6.5,2.9,14.94
10-05-2020,IN,Kolkata,pm10,188,23,56,38,669.46
10-05-2020,IN,Kolkata,o3,188,3.6,37,17,710.48
10-05-2020,IN,Kolkata,so2,188,0.6,11.4,2.7,31.75
10-05-2020,IN,Kolkata,humidity,212,42,99,78.8,2734.85
10-05-2020,IN,Kolkata,wind-speed,210,0,6.9,0.7,14.16
10-05-2020,IN,Kolkata,wind-gust,20,10.8,12.8,10.8,10.53
11-05-2020,IN,Kolkata,temperature,223,22,34.5,29.5,179.26
11-05-2020,IN,Kolkata,no2,171,1.3,20,4.1,61.71
11-05-2020,IN,Kolkata,dew,169,21,26,24,20.06
11-05-2020,IN,Kolkata,pm25,182,9,999,63,194000
11-05-2020,IN,Kolkata,pressure,186,1002.1,1012,1005.3,46.37
11-05-2020,IN,Kolkata,co,164,1.2,7.2,3.2,14.32
11-05-2020,IN,Kolkata,pm10,171,17,73,35,1720.64
11-05-2020,IN,Kolkata,o3,171,4.6,44.3,22.6,945.8
11-05-2020,IN,Kolkata,so2,171,1,56.7,3.4,468.36
11-05-2020,IN,Kolkata,humidity,196,42.2,98.7,73.3,2471.85
11-05-2020,IN,Kolkata,wind-speed,187,0,5.2,0.5,12.25
12-05-2020,IN,Kolkata,temperature,216,23.9,36,30.5,106.89
12-05-2020,IN,Kolkata,no2,178,1.1,20.5,4.4,95.97
12-05-2020,IN,Kolkata,dew,180,24,28,26,11.43
12-05-2020,IN,Kolkata,pm25,178,20,144,91,3441.95
12-05-2020,IN,Kolkata,pressure,199,1000,1010,1004.8,41.63
12-05-2020,IN,Kolkata,co,177,0.7,6,3.4,8.43
12-05-2020,IN,Kolkata,pm10,177,9,74,51,1253.15
12-05-2020,IN,Kolkata,o3,169,0.1,62.9,23.1,1638.71
12-05-2020,IN,Kolkata,so2,177,1.3,19.8,4.6,89.34
12-05-2020,IN,Kolkata,humidity,200,40.2,98.5,65,2437.83
12-05-2020,IN,Kolkata,wind-speed,198,0,4.3,0.5,8.43
13-05-2020,IN,Kolkata,temperature,216,24,37,30.5,95.9
13-05-2020,IN,Kolkata,no2,189,1.1,12.6,3.6,50.91
13-05-2020,IN,Kolkata,dew,216,16,27.5,24.5,82.1
13-05-2020,IN,Kolkata,pm25,189,2,151,73,3917.16
13-05-2020,IN,Kolkata,pressure,212,999,1008.5,1003.2,37.59
13-05-2020,IN,Kolkata,co,188,0.3,6.4,2.6,12.6
13-05-2020,IN,Kolkata,pm10,178,1,71,46,1834.44
13-05-2020,IN,Kolkata,o3,167,2.1,32,14.2,538.72
13-05-2020,IN,Kolkata,so2,188,0.8,20.7,3.5,158.22
13-05-2020,IN,Kolkata,humidity,213,30.5,98.7,68.3,4077.97
13-05-2020,IN,Kolkata,wind-speed,212,0,6.1,1,21.61
14-05-2020,IN,Kolkata,temperature,216,27,36,30,90.61
14-05-2020,IN,Kolkata,no2,190,0.6,11,3.2,38.26
14-05-2020,IN,Kolkata,dew,171,26,28,27,5.63
14-05-2020,IN,Kolkata,pm25,190,15,87,57,1712.19
14-05-2020,IN,Kolkata,pressure,214,998.8,1008,1002.7,36.2
14-05-2020,IN,Kolkata,co,190,0.5,5,2.4,6.74
14-05-2020,IN,Kolkata,pm10,166,7,60,36,871.45
14-05-2020,IN,Kolkata,o3,166,1.7,26,9.4,345.68
14-05-2020,IN,Kolkata,so2,190,0.6,28.5,3.1,69.46
14-05-2020,IN,Kolkata,humidity,214,47.6,98.7,77.6,1820.8
14-05-2020,IN,Kolkata,wind-speed,214,0.1,6.1,1.1,21.82
15-05-2020,IN,Kolkata,temperature,216,27.5,37,31,88.53
15-05-2020,IN,Kolkata,no2,192,0.8,10.2,3.2,33.81
15-05-2020,IN,Kolkata,dew,180,26,29,27,6.61
15-05-2020,IN,Kolkata,pm25,192,11,80,50,1966.59
15-05-2020,IN,Kolkata,pressure,216,996.9,1006,1001.1,39.41
15-05-2020,IN,Kolkata,co,192,0.5,4.5,2.4,5.5
15-05-2020,IN,Kolkata,pm10,168,14,55,28,729.04
15-05-2020,IN,Kolkata,o3,168,2.4,26.4,9.5,339.07
15-05-2020,IN,Kolkata,so2,192,0.5,17.6,3.2,58.02
15-05-2020,IN,Kolkata,humidity,216,45.1,98.8,75,1849.93
15-05-2020,IN,Kolkata,wind-speed,216,0,6.9,1.2,27.49
16-05-2020,IN,Kolkata,temperature,200,27.7,37,31.5,81.01
16-05-2020,IN,Kolkata,no2,187,0.7,10.6,3.1,37.68
16-05-2020,IN,Kolkata,dew,145,27,30.5,28,10.87
16-05-2020,IN,Kolkata,pm25,175,5,94,43,2451.37
16-05-2020,IN,Kolkata,pressure,198,995.9,1005,1000,34.27
16-05-2020,IN,Kolkata,co,187,1,6.2,2.4,8.74
16-05-2020,IN,Kolkata,pm10,163,12,56,27,957.84
16-05-2020,IN,Kolkata,o3,163,3.5,29.4,9.4,438.43
16-05-2020,IN,Kolkata,so2,187,0.7,15.6,3.1,40.1
16-05-2020,IN,Kolkata,humidity,198,46.2,98.7,78.1,1779
16-05-2020,IN,Kolkata,wind-speed,198,0,5.6,1.1,17.42
17-05-2020,IN,Kolkata,temperature,90,29,37,30,94.22
17-05-2020,IN,Kolkata,no2,89,0.6,9.7,2.9,42.05
17-05-2020,IN,Kolkata,dew,83,27,29,27.5,4.68
17-05-2020,IN,Kolkata,pm25,76,4,62,29,2207.08
17-05-2020,IN,Kolkata,pressure,89,998.2,1003.8,1000.5,18.83
17-05-2020,IN,Kolkata,co,89,0.8,5,2.5,7.65
17-05-2020,IN,Kolkata,pm10,76,3,54,22,651.08
17-05-2020,IN,Kolkata,o3,76,0.7,30.5,6.5,551.35
17-05-2020,IN,Kolkata,so2,89,1.1,7,2.7,19.43
17-05-2020,IN,Kolkata,humidity,89,42.1,98.7,80.8,2231.13
17-05-2020,IN,Kolkata,wind-speed,89,0,2,0.6,2.76
